/*
 Navicat Premium Dump SQL

 Source Server         : localhost_3306
 Source Server Type    : MySQL
 Source Server Version : 80039 (8.0.39)
 Source Host           : localhost:3306
 Source Schema         : english

 Target Server Type    : MySQL
 Target Server Version : 80039 (8.0.39)
 File Encoding         : 65001

 Date: 15/08/2025 04:58:49
*/

SET NAMES utf8mb4;
SET FOREIGN_KEY_CHECKS = 0;

-- ----------------------------
-- Table structure for articles
-- ----------------------------
DROP TABLE IF EXISTS `articles`;
CREATE TABLE `articles`  (
  `id` int UNSIGNED NOT NULL AUTO_INCREMENT,
  `title` varchar(255) CHARACTER SET utf8mb4 COLLATE utf8mb4_0900_ai_ci NOT NULL,
  `shortDescription` text CHARACTER SET utf8mb4 COLLATE utf8mb4_0900_ai_ci NOT NULL,
  `longDescription` text CHARACTER SET utf8mb4 COLLATE utf8mb4_0900_ai_ci NOT NULL,
  `links` text CHARACTER SET utf8mb4 COLLATE utf8mb4_0900_ai_ci NOT NULL,
  `cover` varchar(255) CHARACTER SET utf8mb4 COLLATE utf8mb4_0900_ai_ci NOT NULL,
  `slug` varchar(255) CHARACTER SET utf8mb4 COLLATE utf8mb4_0900_ai_ci NOT NULL,
  `isPublished` tinyint(1) NOT NULL,
  `created_at` datetime NOT NULL,
  `updated_at` datetime NOT NULL,
  `author` int UNSIGNED NOT NULL,
  PRIMARY KEY (`id`) USING BTREE,
  UNIQUE INDEX `slug`(`slug` ASC) USING BTREE,
  INDEX `articles_author_foreign_idx`(`author` ASC) USING BTREE,
  CONSTRAINT `articles_author_foreign_idx` FOREIGN KEY (`author`) REFERENCES `users` (`id`) ON DELETE RESTRICT ON UPDATE RESTRICT
) ENGINE = InnoDB AUTO_INCREMENT = 7 CHARACTER SET = utf8mb4 COLLATE = utf8mb4_0900_ai_ci ROW_FORMAT = Dynamic;

-- ----------------------------
-- Records of articles
-- ----------------------------
INSERT INTO `articles` VALUES (1, 'ضرورت آموزش زبان به کودکان', 'سؤال: آیا به کودک خردسال خود می‌توانیم زبان انگلیسی بیاموزیم؟ آیا برایش زود نیست؟ می‌ترسم دچار اختلالات یادگیری بشود...\r\n\r\nاین سؤالی است که برخی از پدرها و مادرها معمولاً از ما می‌پرسند و سؤال بسیار خوبی است. جواب کوتاه به این سؤال این است که بله اگر می‌توانید و فرصت این کار را دارید حتماً به کودکتان، نه‌تنها زبان انگلیسی بلکه هر زبان دوم دیگری که علاقه‌مند بودید، را یاد دهید. تحقیقات اخیر کاملاً آموزش زبان دوم به کودکان را تأیید می‌کند. البته در ایران به دلیل وجود اقوام مختلف شاهد هستیم که کودکان به‌راحتی دو یا سه زبان را یاد می‌گیرند و مشکل خاصی نیز برایشان به وجود نمی‌آید. بنابراین زبان انگلیسی و هر زبان دیگری نیز از این قاعده مستثنا نیست و بدون هیچ نگرانی می‌توان آن را به کودک یاد داد.', '<h2 id=\"h2_1\">فواید آموزش زبان انگلیسی به کودکان</h2>\r\n<p>آموزش دو یا چند زبان به کودک فواید فراوانی برای کودک دارد.</p>\r\n<h3 id=\"h3_1\">درک صحیح از فرهنگ&zwnj;های مختلف</h3>\r\n<p>اولین فایده&zwnj;ی یادگیری زبان&zwnj;های مختلف این است که کودک درک صحیحی از فرهنگ&zwnj;های مختلف پیدا می&zwnj;کند و این خود باعث می&zwnj;شود که کودک تفکرات مختلف را بهتر درک کند. وقتی کودک یاد بگیرد که تفکرات مختلف را بهتر بفهمد، می&zwnj;تواند ارتباط بهتری با دیگر افراد داشته باشد و بهتر می&zwnj;تواند فرهنگ&zwnj;های مختلف را بپذیرد و به آن&zwnj;ها احترام بگذارد. نتایج تحقیقات متعدد روی این مورد نشان می&zwnj;دهد که کودکی که چند زبان را در کودکی یاد گرفته است، تفکراتش بسیار منعطف&zwnj;تر و هوشمندانه&zwnj;تر از دیگر افراد است.</p>\r\n<h3 id=\"h3_2\">ارتباط اجتماعی بهتر با دیگران</h3>\r\n<p>دومین فایده&zwnj;ی چندزبانه بودن کودک این است که کودکانی که چند زبان یاد گرفته&zwnj;اند می&zwnj;توانند ارتباطات عمیق&zwnj;تر و ریشه&zwnj;دارتری را با افراد مختلف جامعه پیدا کنند. می&zwnj;توانند با کودکان مختلف به زبان خودشان صحبت کنند. و حتی پلی ارتباطی بین دو کودک دیگر که زبان یکدیگر را نمی&zwnj;فهمند باشند. البته این موضوع در مورد زبان انگلیسی برای ایرانی&zwnj;ها محسوس نیست اما در مورد دیگر زبان&zwnj;های ملی مثل ترکی و کردی کاملاً محسوس است. کودکانی که به چند زبان مختلف می&zwnj;توانند با دیگران ارتباط سازنده برقرار کنند به&zwnj;سرعت اعتمادبه&zwnj;نفس بالایی کسب می&zwnj;کنند و درک صحیح&zwnj;تری از هویت خود در اجتماع پیدا می&zwnj;کنند.</p>\r\n<h2 id=\"h2_2\">معایب آموزش زبان انگلیسی به کودکان</h2>\r\n<p>داشتن یک فرزند چندزبانه موضوع بسیار جالب و بحث&zwnj;برانگیزی به نظر می&zwnj;رسد. خیلی&zwnj;ها هم عقاید و تصورات فراوانی در این رابطه دارند که خیلی هم خوشحال می&zwnj;شوند که آن&zwnj;ها را با شما تقسیم کنند. اما تحقیقات پزشکی و روانشناسی گسترده&zwnj;ای که در دو دهه&zwnj;ی گذشته روی این موضوع انجام شده، ثابت کرده است که اکثر این تصورات، غلط هستند.</p>\r\n<p>برای اینکه تصمیم صحیحی در این رابطه بگیرید بایستی تنها به حقایق نگاه بیندازید. نه تصورات عموم. حقیقت این است که به&zwnj;طورکلی ۴ مشکل ممکن است کودک شما دچار آن بشود که این چهار مورد هم در همه&zwnj;ی موارد رخ نمی&zwnj;دهد. تمامی این مشکلات نیز در سال&zwnj;های ابتدایی یادگیری زبان رخ می&zwnj;دهد و کم&zwnj;کم از میان می&zwnj;رود.</p>\r\n<h3 id=\"h3_3\">تأخیر در تکلم</h3>\r\n<p>قبلاً، باور عمومی بر این بود که کودکی که چندزبانه بزرگ می&zwnj;شود دیرتر زبان باز می&zwnj;کند. این موضوع اما دیگر ازلحاظ علمی قابل&zwnj;قبول نیست. اولاً این باور هیچ اساس علمی ندارد. ثانیاً تحقیقات اخیری که در حوزه&zwnj;ی زبانشناسی روی این موضوع انجام شده است، آن را رد کرده است. بااین&zwnj;وجود برفرض هم که این موضوع صحیح باشد این تأخیر بین سه تا شش ماه بیشتر گزارش نشده است که اگر هم اتفاق بیفتد کاملاً طبیعی است. زیرا اگر فکرش را که بکنید، کودکی که دو یا چند زبان را باهم یاد می&zwnj;گیرد چند برابر بیشتر از دیگر همسالان خود در معرض مطالب و لغات جدید است. بااین&zwnj;وجود این شش ماه تأخیر احتمالی بسیار اهمیت کمتری نسبت به اینکه بچه بتواند دو یا سه زبان صحبت کند، دارد.</p>\r\n<h3 id=\"h3_4\">تداخل زبان&zwnj;های مختلف</h3>\r\n<p>تداخل زبان&zwnj;های مختلف باهم خیلی در کودکانی که چند زبان یاد می&zwnj;گیرند مرسوم است. اگر کودک، لغتی از یک زبان یادش نیاید، از دیگر زبان آن لغت را قرض می&zwnj;کند تا پیام خود را بتواند برساند. البته این موضوع یک اختلال فکری محسوب نمی&zwnj;شود؛ بلکه کاملاً یک فرایند طبیعی در هنگام یادگیری دو یا چند زبان است. حتی بزرگ&zwnj;سال&zwnj;ها نیز وقتی&zwnj;که در حال یادگیری زبان انگلیسی هستند، ممکن است دچار این مشکل بشوند. در ضمن کسانی که یک&zwnj;زبانه هستند نیز با این مشکل به روش دیگری درگیر هستند. مثلاً کودکان ممکن است که لغت اشتباهی به کار ببرند و یا بزرگ&zwnj;سالان ممکن است چند لحظه مکس بکنند (با بیرون دادن صدایی مثل ummm) تا اینکه آن کلمه یادشان بیاید.</p>\r\n<h3 id=\"h3_5\">زحمت بیشتر برای پدر و مادر</h3>\r\n<p>این موضوع احتمالاً بزرگ&zwnj;ترین مشکل پیش رو است. بزرگ کردن کودک چندزبانه نیازمند تعهدات و تلاش بالایی است. مثل کلاس&zwnj;های موسیقی، یک&zwnj;شبه نباید از کودک انتظار داشت که ره صدساله را بپیماید. این موضوع یک سرمایه&zwnj;گذاری بلندمدت برای کودکان است. بنابراین نیازمند تلاش بیشتر از طرف پدر و مادر برای فراهم کردن محیط مناسب، درگیری مناسب با زبان دوم، و تشویق و ترغیب مداوم کودکان است. شاید خیلی سخت باشد که یک&zwnj;دفعه پس از به دنیا آمدن کودک نحوه&zwnj;ی صحبت کردن خانواده تغییر کند اما کاملاً اطمینان داشته باشید که پس از چند هفته این تغییر به یک عادت روزانه تبدیل می&zwnj;شود. ضمناً اگر کودک اول خود را بدین ترتیب بزرگ کنید، بزرگ کردن کودک دوم بسیار راحت&zwnj;تر می&zwnj;شود. زیرا کودک اولتان به&zwnj;راحتی می&zwnj;تواند بخش اعظمی از کارهایی که بایستی برای تقویت زبان انگلیسی کودک دوم انجام دهید، را برایتان انجام دهد.</p>\r\n<h3 id=\"h3_6\">فشار درسی</h3>\r\n<p>اگر بخواهید که کودکتان در خواندن و نوشتن نیز مهارت داشته باشد، فشار درسی وی افزایش زیادی پیدا می&zwnj;کند. اما اکثر پدران و مادران تنها دوست دارند که فرزندشان بتواند زبان انگلیسی را بفهمد و خوب صحبت کند. بنابراین اگر جزو این دسته از افراد هستید این مشکل زیاد برای شما موضوعیت ندارد.</p>\r\n<img src=\"http://localhost:4000/public/extraFiles/1753022978817.jpg\" alt=\"image\" />\r\n<h2 id=\"h2_3\">چگونه به کودکان زبان انگلیسی بیاموزیم</h2>\r\n<p>مهم&zwnj;ترین نکته در آموزش زبان انگلیسی به کودکان، برقراری ارتباط با آن&zwnj;هاست. بایستی سعی کنید که کودکتان به&zwnj;طور یکسان با زبان مادری و زبان انگلیسی درگیر باشد. آموزش زبان انگلیسی به کودکان ظرافت&zwnj;های خاص خود را دارد که به&zwnj;طور مفصل در آینده برایتان خواهم گفت. اما به&zwnj;طور مختصر دو راه کلی می&zwnj;توانم به شما پیشنهاد کنم.</p>\r\n<p>۱- یکی از والدین به&zwnj;طور مرتب به زبان انگلیسی با کودک ارتباط برقرار کند و دیگری به زبان فارسی.</p>\r\n<p>۲- والدین با زبان انگلیسی با کودک ارتباط برقرار کنند و خودشان با یکدیگر به زبان فارسی.</p>\r\n<p>به نظر شخصی خودم مدل دوم برای ایران بیشتر جواب می&zwnj;دهد. زیرا در ایران معمولاً یکی از والدین (معمولاً مادر) ارتباط بیشتری با کودک دارد. بنابراین اگر سیستم اول پیاده&zwnj;سازی شود تعادل درگیری کودک با زبان مادری و زبان انگلیسی صورت نمی&zwnj;گیرد.</p>\r\n<p><strong>سخن پایانی</strong></p>\r\n<p>هیچ شکی نیست که کودکانی که به چند زبان به&zwnj;ویژه زبان انگلیسی مسلط هستند توانایی&zwnj;های بسیار بیشتری نسبت به همنوعان خود، دارند. تلاش اضافه&zwnj;ی شما به&zwnj;عنوان والدین کودکتان، مهارت&zwnj;های ارزشمندی به ایشان می&zwnj;دهد که می&zwnj;تواند در تمام مراحل زندگی از آن بهره&zwnj;مند شود. بنابراین توصیه بنده به شما این است که هر چه زودتر این کار را انجام دهید.</p>', '[\"<a href=\\\"#h2_1\\\">فواید آموزش زبان انگلیسی به کودکان</a>\",\"<a href=\\\"#h3_1\\\">درک صحیح از فرهنگ های مختلف</a>\",\"<a href=\\\"#h3_2\\\">ارتباط اجتماعی بهتر با دیگران</a>\",\"<a href=\\\"#h2_2\\\">معایب آموزش زبان انگلیسی به کودکان</a>\",\"<a href=\\\"#h3_3\\\">تأخیر در تکلم</a>\",\"<a href=\\\"#h3_4\\\">تداخل زبان های مختلف</a>\",\"<a href=\\\"#h3_5\\\">زحمت بیشتر برای پدر و مادر</a>\",\"<a href=\\\"#h3_6\\\">فشار درسی</a>\",\"<a href=\\\"#h2_3\\\">چگونه به کودکان زبان انگلیسی بیاموزیم</a>\"]', 'http://localhost:4000/public/images/1753022994204.jpg', 'dhrwrt-aamwzsh-zban-bh-kwdkan', 1, '2025-07-01 15:06:09', '2025-07-20 14:49:54', 1);
INSERT INTO `articles` VALUES (3, 'معرفی 5 فیلم انگلیسی برای تقویت زبان مبتدی', 'معرفی فیلم انگلیسی برای تقویت زبان مبتدی قدری دشوارتر از سطوح بالاتر است؛ زیرا به‌ندرت ممکن است فیلمی متناسب با سطح مبتدی و صرفاً برای زبان‌آموزی ساخته شود. از طرفی بسیاری از زبان‌آموزان تصور می‌کنند با هر فیلمی می‌توانند زبان انگلیسی خود را تقویت کنند که این تصور چندان منطقی نیست. در این مقاله از زبانشناس چند فیلم برای تقویت زبان انگلیسی مبتدی تا متوسط را در ژانرهای مختلف معرفی می‌کنیم تا راهنمای مناسبی برای زبان‌آموزان این سطوح باشد.', '<h2 id=\"h2_1\">مزایای یادگیری زبان انگلیسی با فیلم چیست؟</h2>\r\n    <p>مهم‌ترین جذابیت یادگیری زبان با فیلم، بعد سرگرم‌کننده بودن آن است. علاوه بر این تماشای فیلم‌ برای یادگیری انگلیسی\r\n        مزیت‌های بسیاری دارد؛ مثلا به شما امکان می‌دهد آموزش گرامر انگلیسی و واژگان را فراتر از کتاب‌های آموزشی و در\r\n        دنیای واقعی یاد بگیرید. بهبود تلفظ و کاربرد کلمات در موقعیت‌های مختلف از دیگر فواید این روش یادگیری است. همچنین\r\n        با تماشای فیلم‌های زبان اصلی با فرهنگ‌ها و لهجه‌های گوناگون آشنا می‌شوید و به مرور زمان مهارت شنیداری شما به‌طرز\r\n        محسوسی بهبود میابد.</p>\r\n    <h2 id=\"h2_2\">بهترین فیلم برای تقویت زبان انگلیسی مبتدی</h2>\r\n    <p>پیش از معرفی فیلم‌ها بهتر است بگوییم ارتباط برقرار کردن با داستان و حتی بازیگران فیلم می‌تواند در یادگیری شما\r\n        تاثیر مهمی بگذارد؛ بنابراین سعی کنید در انتخاب فیلم، بازیگران، ژانر مورد علاقه و سایر موارد را در نظر بگیرید. در\r\n        این بخش تنوع فیلم‌های معرفی شده به‌قدری هست که بالاخره بتوانید بهترین فیلم انگلیسی برای تقویت زبان مبتدی را پیدا\r\n        کنید.</p>\r\n\r\n    <p>در معرفی هر یک از فیلم‌های معرفی‌شده، تا حد ممکن آیتم‌هایی مثل شمرده صحبت کردن، شفاف بودن تلفظ واژگان، تنوع\r\n        لهجه‌ها، کاربردی بودن عبارت به‌کاررفته در نظر گرفته شده است.</p>\r\n\r\n    <h3 id=\"h3_1\">1. هوگو ( Hugo )</h3>\r\n    <p>هوگو یکی از بهترین انواع فیلم برای تقویت زبان انگلیسی مبتدی به‌حساب می‌آید. شخصیت اول داستان که پسرکی ماجراجوست\r\n        که واژگان و ساختار گرامری ساده‌ای را در دیالوگ‌های خود به کار می‌برد. علاوه بر این سرعت تلفظ دیالوگ‌ها آهسته\r\n        بوده و بازیگران بسیار شمرده صحبت می‌کنند؛ بنابراین فیلم هوگو، از این جهات برای درک زبان‌آموز مبتدی مناسب به نظر\r\n        می‌رسد.</p>\r\n    <img src=\"http://localhost:4000/public/extraFiles/1753022794265.jpg\" alt=\"hogo\">\r\n    <ul>\r\n        <li><strong>سال ساخت:</strong> 2011</li>\r\n        <li><strong>محصول:</strong> آمریکا</li>\r\n        <li><strong>ژانر:</strong> فانتزی، درام، ماجراجویی</li>\r\n        <li><strong>لحجه:</strong> بریتیش</li>\r\n        <li><strong>خلاصه داستان:</strong></li>\r\n    </ul>\r\n    <p>فیلم سینمایی هوگو بر اساس داستان مشهور «اختراع هوگو کابرت» ساخته شده، هوگو نام پسر یتیمی است که در ایستگاه قطار\r\n        زندگی می‌کند. در خلال اتفاقاتی، هوگو پی به سرنخ‌هایی می‌برد که به گذشته و پدرش مربوط است.</p>\r\n    <h3 id=\"h3_2\">2. هری پاتر ( Harry Potter )</h3>\r\n    <p>هری پاتر یکی از بهترین گزینه‌های فیلم انگلیسی برای تقویت زبان مبتدی محسوب می‌شود؛ زیرا در مجموعه فیلم‌های هری\r\n        پاتر از ساده‌ترین واژگان تا کلمات مربوط به عالم سِحر و جادو شکل می‌گیرد. این تنوعِ به‌کارگیری واژگان از\r\n        عامیانه‌ترین تا خاص‌ترین کلمات، از برجسته‌ترین نکات مثبت این فیلم برای یادگیری زبان است.</p>\r\n    <p>از طرف دیگر ازآنجایی‌که عمده مخاطب این مجموعه را نوجوانان تشکیل می‌دهند، دیالوگ‌های به‌دور از تکلفِ بازیگران\r\n        نوجوان می‌تواند به تقویت زبان افراد مبتدی‌تر کمک کند. همچنین دنبال کردن 8 قسمتِ مختلف از مجموعه فیلم‌های هری\r\n        پاتر، زبان‌آموز را با شخصیت‌ها همراه می‌کند که این نیز در فهم بهتر دیالوگ‌ها نیز موثر است.</p>\r\n    <img src=\"http://localhost:4000/public/extraFiles/1753022818088.jpg\" alt=\"Harry Potter\">\r\n    <ul>\r\n        <li><strong>سال ساخت:</strong> 2001 تا 2010</li>\r\n        <li><strong>محصول:</strong> بریتانیا</li>\r\n        <li><strong>ژانر:</strong> فانتزی، ماجراجویی</li>\r\n        <li><strong>لحجه:</strong> بریتیش</li>\r\n        <li><strong>خلاصه داستان:</strong></li>\r\n    </ul>\r\n    <p>فیلم‌های هری پاتر حول زندگی پسر نوجوانی می‌چرخد که راه‌ورسم جادوگری را در پیش گرفته است. در هر یک از قسمت‌های این\r\n        فیلم اتفاقات پرهیجانی رخ می‌دهد که برای مخاطب بسیار جذاب محسوب می‌شود.</p>\r\n    <h3 id=\"h3_3\">3. گرگ‌ومیش ( Twilight )</h3>\r\n    <p>فیلم گرگ‌ومیش به دلیل اینکه مخاطبان اصلی‌اش جوانان و نوجوانان محسوب می‌شوند، سرشار از اصطلاحات عامیانه و رایج\r\n        آمریکایی است. علاوه بر این واژگان و عبارت‌هایی که توسط بازیگران ادا می‌شود بسیار شمرده و قابل‌فهم است.</p>\r\n    <img src=\"http://localhost:4000/public/extraFiles/1753022840208.jpg\" alt=\"Twilight\">\r\n    <ul>\r\n        <li><strong>سال ساخت:</strong> 2008</li>\r\n        <li><strong>محصول:</strong> آمریکا</li>\r\n        <li><strong>ژانر:</strong> عاشقانه، درام</li>\r\n        <li><strong>لحجه:</strong> امریکن</li>\r\n        <li><strong>خلاصه داستان:</strong></li>\r\n    </ul>\r\n    <p>دختر نوجوانی با بازی کریستین استوارت عاشق یک خون‌آشام می‌شود و حاضر است تمامی خطرات احتمالی را به‌خاطر او به جان\r\n        بخرد.</p>\r\n    <h3 id=\"h3_4\">4. دزدان دریایی کارائیب ( Pirates of the Caribbean )</h3>\r\n    <p>اگر بخواهیم انواع فیلم برای تقویت زبان مبتدی را فهرست کنیم، خیلی زود به این عنوان جذاب می‌رسیم. لذت یادگیری زبان\r\n        با هیجان بالا، از مجموعه فیلم‌های دزدان دریایی کارائیب برمی‌آید. تلفظ شمرده کلمات، استفاده از واژگان بسیار و\r\n        وضوح جملات بخشی از دلایلی هستند که یادگیری زبان انگلیسی با این مجموعه فیلم را برای زبان‌آموز مبتدی ممکن می‌کند.\r\n    </p>\r\n    <img src=\"http://localhost:4000/public/extraFiles/1753022862082.jpg\" alt=\"Pirates of the Caribbean\">\r\n    <ul>\r\n        <li><strong>سال ساخت:</strong> 2003</li>\r\n        <li><strong>محصول:</strong> آمریکا</li>\r\n        <li><strong>ژانر:</strong> اکشن، ماجراجویی</li>\r\n        <li><strong>لحجه:</strong> امریکن</li>\r\n        <li><strong>خلاصه داستان:</strong></li>\r\n    </ul>\r\n    <p>جذابیت بی‌چون‌وچرای فیلم دزدان دریایی کارائیب مدیون ماجراجویی‌های کاپیتان جک اسپارو با بازی جانی دپ است. در هر یک\r\n        از قسمت‌های این مجموعه فیلم، جک اسپارو ماجرایی و تماشایی را خلق می‌کند.</p>\r\n    <h3 id=\"h3_5\">5. تنها در خانه ( Home Alone )</h3>\r\n    <p>تنها در خانه عنوان یک فیلم سینمایی نوستالژیک است که بسیاری از زبان‌آموزان در کودکی به تماشای آن نشسته‌اند. به\r\n        دلیل فضای کودکانه داستان گفتار ساده و واضحی بین شخصیت‌های داستان شکل می‌گیرد که علاوه بر سرگرم‌کننده بودن، ساده\r\n        و جذاب است. تنها در خانه را از جهت سادگی مکالمات می‌توان یک فیلم انگلیسی برای تقویت زبان مبتدی دانست.</p>\r\n    <img src=\"http://localhost:4000/public/extraFiles/1753022891149.jpg\" alt=\"Home Alone\">\r\n    <ul>\r\n        <li><strong>سال ساخت:</strong> 1990</li>\r\n        <li><strong>محصول:</strong> آمریکا</li>\r\n        <li><strong>ژانر:</strong> کمدی، ماجراجویی</li>\r\n        <li><strong>لحجه:</strong> امریکن</li>\r\n        <li><strong>خلاصه داستان:</strong></li>\r\n    </ul>\r\n    <p>داستان این فیلم مربوط به کش‌وقوس‌هایی است که بین یک کودک باهوشِ تنها مانده در خانه و دو دزد شکل می‌گیرد.</p>\r\n    <br>\r\n    <br>\r\n    <p><strong>سخن آخر</strong></p>\r\n    <br>\r\n    <p>حالا که می‌توانید بهترین فیلم انگلیسی برای تقویت زبان را متناسب با علاقه خود انتخاب کنید، برای ما از تجربه زبان‌آموزی با این روش بگویید. همچنین می‌توانید فیلم‌های دیگری را که برای یادگیری زبان در سطح مبتدی می‌شناسید، به سایر زبان‌آموزان معرفی کنید.</p>', '[\"<a href=\\\"#h2_1\\\">مزایای یادگیری زبان انگلیسی با فیلم چیست؟</a>\",\"<a href=\\\"#h2_2\\\">بهترین فیلم برای تقویت زبان انگلیسی مبتدی</a>\",\"<a href=\\\"#h3_1\\\">هوگو ( Hugo )</a>\",\"<a href=\\\"#h3_2\\\">هری پاتر ( Harry Potter )</a>\",\"<a href=\\\"#h3_3\\\">گرگ‌ومیش ( Twilight )</a>\",\"<a href=\\\"#h3_4\\\">دزدان دریایی کارائیب ( Pirates of the Caribbean )</a>\",\"<a href=\\\"#h3_5\\\">تنها در خانه ( Home Alone )</a>\"]', 'http://localhost:4000/public/images/1753022909412.jpg', 'marfy-5-fylm-anglysy-bray-tqwyt-zban-mbtdy', 1, '2025-07-03 12:35:46', '2025-07-20 14:53:20', 1);
INSERT INTO `articles` VALUES (4, '7 دلیل محکم در مورد اهمیت زبان انگلیسی', 'جواب این سؤال که چرا یادگیری زبان انگلیسی مهم است؟ بیش از حد بدیهی به نظر می‌رسد! به‌ویژه اینکه همه‌ی ما می‌دانیم یادگیری این مهارت کلیدی، به گسترش روابط و موفقیت‌های بیشتری در زندگی هر فرد منجر می‌شود و این نکته می‌تواند بر تمامی جنبه‌های مهم از امور روزمره تا مناسبات تجاری، عاطفی، تحصیلی و... تاثیرگذار باشد. در این مطلب نگاهی داریم بر22 دلیل اهمیت زبان انگلیسی در دنیای امروز که مرور آن‌ می‌تواند انگیزه‌ی بیشتری را برای یادگیری هرچه سریع‌تر زبان انگلیسی به وجود بیاورد.', '<h3 id=\"h3_1\">1. رایج بودن زبان انگلیسی در سراسر دنیا</h3>\r\n    <p>انگلیسی به‌عنوان سومین زبان رایج در جهان، به طور گسترده صحبت و تدریس می‌شود. در حال حاضر بیش از صدها میلیون نفر\r\n        در سراسر دنیا، چه به‌عنوان زبان‌اصلی و چه به‌عنوان زبان دوم، از انگلیسی برای برقراری ارتباطات کلامی و نوشتاری\r\n        خود استفاده می‌کنند.</p>\r\n    <p>انگلیسی ‌زبان علم، تجارت، صنعت هوانورد، کامپیوتر، دیپلماسی، گردشگری و رسانه‌هاست. به دلیل اهمیت زیاد این زبان، در\r\n        حال حاضر انگلیسی در بیش از 118 کشور تدریس می‌شود تا غیر انگلیسی‌زبان هم از فرصت یادگیری این زبان مهم جا نمانند و\r\n        این احتمال وجود دارد که اگر با فردی از کشور دیگری ملاقات کنید، هر دو بتوانید انگلیسی صحبت کنید.</p>\r\n    <h3 id=\"h3_2\">2. دسترسی بی‌پایان به سرگرمی‌های محبوب دنیا</h3>\r\n    <p>هالیوود و نتفلیکس با روایت داستان‌های درخشان در قالب فیلم‌ها و سریال‌ها به‌خوبی مخاطبان را شیفته خود کرده‌اند. از طرفی انگلیسی متداول‌ترین زبان مورداستفاده در فیلم‌ها و سریال‌های تلویزیونی معروف است و با یادگیری زبان انگلیسی، می‌توانید از تماشای جدیدترین نمایش‌ها و فیلم‌های پرفروش لذت ببرید!</p>\r\n    <p>بازی‌های آنلاین هم می‌تواند بستر خوبی برای تعامل با دیگر انگلیسی‌زبانان و یادگیری زبان انگلیسی باشد که سرگرمی و هیجان خوبی را به همراه دارند.</p>\r\n    <h3 id=\"h3_3\">3. دسترسی به آثار ادبی جهان</h3>\r\n    <p>تعداد زیادی از برترین آثار ادبی جهان به زبان انگلیسی نوشته شده‌اند؛ بنابراین، اگر می‌خواهید از خواندن این کتاب‌ها بدون هیچ کم‌وکاستی لذت ببرید، باید اهمیت زبان انگلیسی را درک کنید و برای آموختن آن تلاش کنید.</p>\r\n    <img src=\"http://localhost:4000/public/extraFiles/1753022647107.jpg\" alt=\"art\">\r\n    <h3 id=\"h3_4\">4. خداحافظی با ترجمه و زیرنویس</h3>\r\n    <p>امروزه بسیاری از فیلم‌ها، برنامه‌های تلویزیونی، کتاب‌ها و موسیقی‌ها به زبان انگلیسی منتشر و تولید می‌شوند. با تقویت مهارت شنیداری و خواندن متون انگلیسی، دیگر به زیرنویس و ترجمه متکی نیستید. می‌توانید هر مطلب یا محتوایی را به اصیل‌ترین شکل ممکن و به‌دوراز زیرنویس‌های مزاحم یا ترجمه‌های عجیب‌وغریب مورداستفاده قرار دهید.</p>\r\n    <h3 id=\"h3_5\">5. تقویت مغز و حافظه</h3>\r\n    <p>ازآنجایی‌که مغز مانند ماهیچه‌ای است که در صورت فعالیت و یادگیری تقویت می‌شود، یادگیری یک زبان جدید یکی از بهترین راه‌هایی است که به تقویت آن منجر می‌شود. در یادگیری زبان جدید ساختارها، قوانین و اصول ساده تا پیشرفته‌ای وجود دارد که مغز باید آن‌ها را به خاطر بسپرد و در جای درست به کار گیرد.</p>\r\n    <h3 id=\"h3_6\">6. مزیت استخدام در شرکت‌های داخلی و خارجی</h3>\r\n    <p>امروزه این کارمندان دوزبانه و حتی چندزبانه هستند که به دلیل توانایی برقراری ارتباط، متقاضی زیادی دارند. همچنین تسلط به یک زبان جدید می‌تواند نشانه‌ای از تعهد و انگیزه شما برای رشد مهارت‌های فردی باشد که کارفرمایان را به‌شدت تحت‌تأثیر قرار می‌دهد.</p>\r\n    <p>البته اهمیت زبان انگلیسی تنها محدود به کسانی نیست که می‌خواهند در خارج از کشور شغل مناسبی پیدا کنند بلکه تعداد قابل‌توجهی از کارفرمایان ایرانی هم در فرایند استخدام انتظار دارند که سطح زبانی مناسبی داشته باشید.</p>\r\n    <img src=\"http://localhost:4000/public/extraFiles/1753022675852.jpg\" alt=\"job\">\r\n    <h3 id=\"h3_7\">7. امکان مهاجرت راحت تر</h3>\r\n    <p>زمانی که اهمیت زبان انگلیسی را بدانید، بدون معطلی به دنبال بهترین راه یادگیری زبان می‌گردید. تسلط به انگلیسی به شما کمک می‌کند تا فرصت‌های بهتر و بیشتری را در فرایند مهاجرت خود شناسایی کنید و آگاهانه‌تر در این مسیر قدم بگذارید.</p>\r\n<br>\r\n<br>\r\n    <p><strong>سخن آخر</strong></p>\r\n<br>\r\n    <p>درحالی‌که در گذشته، روزها و ماه‌ها طول می‌کشید تا یک نامه چندخطی به دست مخاطب برسد، امروزه با استفاده از اینترنت و تنها در مدتی کمتر از یک دقیقه با مردمی از هر دیار و نژادی تعامل کرد. به همین خاطر با صرف وقت و انرژی کافی برای یادگیری زبان انگلیسی می‌توانید چشم‌انداز شغلی و شخصی خود را بهبود ببخشید و ارتباطات خود را در سطح بین‌المللی ارتقا دهید. حالا بگویید به نظر شما چه دلایل دیگری برای اهمیت زبان انگلیسی می‌شناسید؟</p>', '[\"<a href=\\\"#h3_1\\\">رایج بودن زبان انگلیسی در سراسر دنیا</a>\",\"<a href=\\\"#h3_2\\\">دسترسی بی‌پایان به سرگرمی‌های محبوب دنیا</a>\",\"<a href=\\\"#h3_3\\\">دسترسی به آثار ادبی جهان</a>\",\"<a href=\\\"#h3_4\\\">خداحافظی با ترجمه و زیرنویس</a>\",\"<a href=\\\"#h3_5\\\">تقویت مغز و حافظه</a>\",\"<a href=\\\"#h3_6\\\">مزیت استخدام در شرکت‌های داخلی و خارجی</a>\",\"<a href=\\\"#h3_7\\\">امکان مهاجرت راحت تر</a>\"]', 'http://localhost:4000/public/images/1753022707243.jpg', '7-dlyl-mhkm-dr-mwrd-ahmyt-zban-anglysy', 1, '2025-07-03 12:54:45', '2025-07-20 14:53:58', 1);
INSERT INTO `articles` VALUES (5, 'آیا رشته زبان انگلیسی بورسیه دارد؟', 'اگر دانشجوی زبان انگلیسی یا در تلاش برای قبولی در این رشته باشید یکی از سوال‌هایی که احتمالا برای شما پیش آمده این است که آیا رشته زبان انگلیسی بورسیه دارد؟ تحصیل در خارج از کشور یکی از اهداف کسانی است که رشته‌ی زبان انگلیسی می‌خوانند. با کمک بورس‌های تحصیلی می‌توانید با کمک هزینه در دانشگاه‌های خارجی تحصیل کنید. رشته‌ی زبان انگلیسی هم مثل بسیاری از رشته‌های دیگر، بورس تحصیلی دارد. در ادامه با زبانشناس همراه باشید تا در مورد بورس تحصیلی و نحوه‌ی اعطای آن برای رشته‌های زبان انگلیسی بیشتر بخوانید.', '<h2 id=\"h2_1\">بورس تحصیلی چیست؟</h2>\r\n   <p>قبل از هر چیز ابتدا بررسی می‌کنیم که اصلا بورس تحصیلی چیست و چرا افراد برای دریافت بورس تحصیلی تلاش می‌کنند؟ سپس به این سوال می‌پردازیم که آیا رشته زبان انگلیسی بورسیه دارد؟</p>\r\n   <p>بورس تحصیلی نوعی کمک مالی است که به دانشجویان واجد شرایط بر اساس پیشرفت تحصیلی یا سایر معیارهایی که ممکن است شامل نیاز مالی باشد، برای تحصیل در دانشگاه اعطا می‌شود. انواع مختلفی از بورس تحصیلی وجود دارد. دو مورد از رایج ترین انواع بورس تحصیلی، بورس تحصیلی مبتنی بر شایستگی و بورس تحصیلی مبتنی بر نیاز مالی است.</p>\r\n   <p>اهداکننده یا مجموعه‌ای که بورسیه (یا فرد دریافت‌کننده‌ی بورس تحصیلی) را تأمین مالی می‌کند، معیارهای انتخاب گیرنده‌ی بورس را تعیین می‌کند و اهداکننده به طور خاص نحوه‌ی استفاده از پول را تعیین می‌کند. این بودجه برای پرداخت هزینه‌های شهریه، کتاب، خوابگاه، عضویت در بخش‌های مختلف و سایر هزینه‌هایی که مستقیماً به هزینه‌های آموزشی دانشجو از طریق دانشگاه مرتبط است، استفاده می‌شود.</p>\r\n   <p>بورس‌های تحصیلی معمولاً با در نظر گرفتن فاکتورهای مختلفی اعطا می‌شوند که می‌تواند شامل موارد زیر باشد ولی به همین موارد محدود نمی‌‌شود:</p>\r\n   <p>پیشرفت تحصیلی، مشارکت در جامعه، تجربه‌ی شغلی، زمینه‌های تحصیلی و نیاز مالی.</p>\r\n   <h3 id=\"h3_1\">بورس‌های تحصیلی از کجا تامین می‌شوند؟</h3>\r\n   <p>بورسیه‌ها از منابع مختلفی از جمله باشگاه‌ها، سازمان‌ها، موسسات خیریه، بنیادها، مشاغل، کالج‌ها و دانشگاه‌ها، دولت و افراد تامین می‌شوند. این بورسیه‌ها می‌توانند مبتنی بر شایستگی، مبتنی بر نیاز یا ترکیبی از هر دو باشند که به شما فرصت‌هایی می‌دهد تا تحصیل خود را بدون تحمل بار مالی قابل توجه ادامه دهید.</p>\r\n   <p>بورسیه‌های مبتنی بر شایستگی بر اساس دستاوردهای تحصیلی یا کارهای فوق برنامه‌ی شما، از جمله نمرات بالا، نمرات آزمون، دستاوردهای ورزشی یا هنری، یا خدمات اجتماعی اعطا می‌شود. این بورسیه‌ها به دستاوردهای شما پاداش می‌دهند و آنها را تشویق می‌کنند و معمولاً از دانشجویان می‌خواهند که معیارهای واجد شرایط بودن خاصی را رعایت کنند.</p>\r\n   <img src=\"http://localhost:4000/public/extraFiles/1753022517355.jpg\" alt=\"education\">\r\n   <p>از سوی دیگر، بورسیه‌های مبتنی بر نیاز با توجه به نیاز مالی شما اعطا می‌شود. بنابراین، عواملی مانند درآمد خانواده، دارایی‌ها و سایر شرایطی که ممکن است بر توانایی شما در پرداخت هزینه‌های کالج تأثیر بگذارد، در تصمیم واجد شرایط بودن لحاظ می‌شوند.</p>\r\n   <p>بورسیه‌های مبتنی بر نیاز می‌تواند به پوشش شهریه، هزینه‌های آموزشی، اتاق و غذا و سایر هزینه‌های کالج برای دانشجویانی که ممکن است توانایی مالی لازم برای پرداخت مستقل هزینه کالج را نداشته باشند، کمک کند.</p>\r\n   <p>در برخی موارد، بورسیه تحصیلی ممکن است با توجه به دستاوردهای تحصیلی و نیازهای مالی شما، شامل مؤلفه‌های مبتنی بر شایستگی و نیاز باشد. بنابراین، بسیار مهم است که در مورد معیارهای واجد شرایط بودن برای هر بورسیه‌ای که به آن علاقه دارید تحقیق کنید تا بدانید که آیا واجد شرایط درخواست هستید یا خیر.</p>\r\n    <h3 id=\"h3_2\">آیا رشته زبان انگلیسی بورسیه دارد؟</h3>\r\n    <p>رشته‌ی زبان انگلیسی هم مثل بسیاری از رشته‌های دیگر بورسیه دارد. تعدادی از بورس‌ها در دانشگاه‌های مختلف دنیا به این رشته و زیرمجموعه‌های آن اختصاص یافته‌اند. در ادامه به چند نمونه از این بورس‌ها اشاره می‌کنیم. غیر از این موارد، با تحقیق می‌توانید بورس‌های تحصیلی را پیدا کنید. ضمنا قوانین و شرایط هر بورس و رشته‌هایی که پوشش می‌دهد ممکن است هر سال تحصیلی، تغییر کند.</p>\r\n    <h2 id=\"h2_2\">سوالات رایج در مورد بورسیه رشته انگلیسی</h2>\r\n    <p>اگر در مورد بورس تحصیلی و نحوه‌ی پیدا کردن بورس‌های رشته زبان انگلیسی سوال دارید، این پرسش و پاسخ احتمالا به بیشتر سوال‌های شما جواب می‌دهد:</p>\r\n    <h3 id=\"h3_3\">پول بورس تحصیلی را چطور می‌توان هزینه کرد؟</h3>\r\n    <p>بورس تحصیلی که به نام شما اعطا می‌شود را می‌توان برای هر چیزی خرج کرد؛ اما عاقلانه است که به این به عنوان یک سرمایه نگاه کنید و نه مجوز رایگان برای هدر دادن پول برای خرید بازی‌های ویدیویی یا بلیط کنسرت. این پول برای هزینه‌ی تحصیل است. این هزینه می‌تواند بابت شهریه باشد یا حتی بابت خرید کتاب، لوازم مورد نیاز تحصیل، مسکن، غذا یا حتی کامپیوتر و نرم‌افزار.</p>\r\n    <p>زمانی که پول بورسیه را دریافت می کنید بستگی به بورسیه تحصیلی شما دارد. گاهی اوقات قبل از شروع سال تحصیلی پول را یک‌جا دریافت می‌کنید. در سایر موارد، پول به صورت اقساطی در سراسر دوران تحصیل شما توزیع می‌شود. گاهی اوقات ممکن است بورسیه تحصیلی در وسط یک ترم پرداخت شود.</p>\r\n    <img src=\"http://localhost:4000/public/extraFiles/1753022477666.jpg\" alt=\"money\">\r\n    <h3 id=\"h3_4\">بورس تحصیلی چطور اعطا می‌شود؟ چه کسانی واجد شرایط آن هستند؟</h3>\r\n    <p>همانطور که در بالا ذکر کردیم هر بورسیه معیارهای خاص خود را برای اعطا به دانشجو دارد. به عنوان مثال، برخی از بورس‌های تحصیلی بر اساس نیاز اعطا می‌شوند. برای بعضی دیگر، باید عضو یک سازمان باشید، در یک رشته‌ی خاص مطالعه کنید، یک ورزشکار استثنایی، یا مطابق با هر دستورالعملی باشید که مجموعه‌ی تامین‌کننده‌ی بورس، تعیین کرده است.</p>\r\n    <p>صرف نظر از اینکه در زمینه تحصیلی یا ورزشی عالی هستید، باید بتوانید چندین بورس تحصیلی را پیدا کنید که برای شما مناسب است. حتی بورسیه‌هایی برای دانشجویانی که در یک ایالت یا شهر خاص زندگی می‌کنند در نظر گرفته شده است. بعضی از بورس‌های تحصیلی دانشگاه‌های خارجی ممکن است فقط برای دانشجویانی از کشورهای خاص در نظر گرفته شود. مثلا یک کشور ممکن است برای ایجاد تنوع نژادی در دانشجویان، افرادی را از کشورهای خاص پذیرش کند. علاوه بر این، می‌توانید در طول سال‌های تحصیلی خود تا مقطع دکتری برای بورسیه‌های تحصیلی درخواست دهید.</p>\r\n    <p>تا جایی که می‌توانید برای بورس‌های تحصیلی متعدد درخواست دهید تا هیچ فرصتی را برای دریافت بورس از دست ندهید.</p>\r\n    <h3 id=\"h3_5\">چه کسانی می‌توانند برای دریافت بورس تحصیلی اقدام کنند؟</h3>\r\n    <p>بورسیه تحصیلی برای دانش‌آموزان دبیرستانی، دانشجویان فعلی کالج و حتی بزرگسالانی که به محیط آموزشی بازمی‌گردند در دسترس است. البته بیشتر بورس‌های تحصیلی برای مقاطع تحصیلات تکمیلی مثل ارشد و دکترا است. هر بورسیه مجموعه‌ای از شرایط خاص خود را دارد؛ بنابراین تحقیق و مطالعه دقیق دستورالعمل‌ها قبل از درخواست ضروری است.</p>\r\n    <h3 id=\"h3_6\">چه زمانی باید ارسال درخواست برای بورس تحصیلی را شروع کنیم؟</h3>\r\n    <p>برای درخواست بورس تحصیلی می‌توانید از مقطع دبیرستان هم شروع کنید اما بیشتر بورس‌های تحصیلی برای مقاطع ارشد و دکترا است.</p>\r\n    <p>علاوه بر این، حداقل از یک سال قبل از شروع سال تحصیلی مورد نظر خود، باید پیگیر بورس‌های تحصیلی ارائه شده در آن سال تحصیلی باشید تا قبل از تمام شدن مهلت ارسال درخواست، مدارک خود را آماده کنید و درخواست خود را بفرستید.</p>\r\n   <img src=\"http://localhost:4000/public/extraFiles/1753022325558.jpg\" alt=\"city\">\r\n    <h2 id=\"h2_3\">جمع‌بندی؛ چطور برای تحصیل در رشته‌ی زبان انگلیسی در خارج از کشور آماده شویم؟</h2>\r\n    <p>بورس تحصیلی کمک‌هزینه‌ای برای تامین هزینه‌های تحصیل در دانشگاه است. رشته‌ی زبان انگلیسی هم مثل بسیاری از رشته‌های دیگر، بورسیه‌های تحصیلی خاص خود را دارد. گرایش‌های مرتبط با زبان انگلیسی در دانشگاه‌های خارجی بسیار متنوع‌تر از ایران است. در دانشگاه‌های خارجی می‌توانید رشته‌های متنوعی از ادبیات و هنر و فرهنگ گرفته تا نویسندگی خلاق را به‌عنوان زیرمجموعه‌ی رشته‌ی زبان انگلیسی پیدا کنید و در آن تحصیل کنید.</p>\r\n    <p>برای اینکه بتوانید در دانشگاه‌های خارجی به زبان انگلیسی تحصیل کنید، اولین قدم، تسلط کافی بر زبان انگلیسی برای فعالیت در محیط آکادمیک است. بدون داشتن مهارت در اسپیکینگ و لیسنینگ، نمی‌توانید تحصیل موفقی داشته باشید. بهترین روش برای تسلط بر زبان انگلیسی این است که مرتب با آن در ارتباط باشید. هر روز باید چیزی بخوانید، پادکستی گوش کنید یا فیلم ببینید. این خواندن، دیدن و شنیدن باید کاملا هدفمند باشد. برای اینکه یادگیری شما نظم بگیرد و به تمام منابع لازم برای آموزش دسترسی داشته باشید از اپلیکیشن زبانشناس استفاده کنید. با اپلیکیشن زبانشناس می‌توانید از دوره‌های آموزشی مختلف، سرگرمی‌های متنوع، کتاب، پادکست، فیلم و سریال و... استفاده کنید تا به تمام مهارت‌های مورد نیاز تسلط پیدا کنید. زبانشناس مسیر شما را برای تحصیل در خارج از کشور هموار می‌کند.</p>', '[\"<a href=\\\"#h2_1\\\">بورس تحصیلی چیست؟</a>\",\"<a href=\\\"#h3_1\\\">بورس‌های تحصیلی از کجا تامین می‌شوند؟</a>\",\"<a href=\\\"#h3_2\\\">آیا رشته زبان انگلیسی بورسیه دارد؟</a>\",\"<a href=\\\"#h2_2\\\">سوالات رایج در مورد بورسیه رشته انگلیسی</a>\",\"<a href=\\\"#h3_3\\\">پول بورس تحصیلی را چطور می‌توان هزینه کرد؟</a>\",\"<a href=\\\"#h3_4\\\">بورس تحصیلی چطور اعطا می‌شود؟ چه کسانی واجد شرایط آن هستند؟</a>\",\"<a href=\\\"#h3_5\\\">چه کسانی می‌توانند برای دریافت بورس تحصیلی اقدام کنند؟</a>\",\"<a href=\\\"#h3_6\\\">چه زمانی باید ارسال درخواست برای بورس تحصیلی را شروع کنیم؟</a>\",\"<a href=\\\"#h2_3\\\">جمع‌بندی؛ چطور برای تحصیل در رشته‌ی زبان انگلیسی در خارج از کشور آماده شویم؟</a>\"]', 'http://localhost:4000/public/images/1753022286629.jpg', 'aaya-rshth-zban-anglysy-bwrsyh-dard', 1, '2025-07-03 13:20:47', '2025-07-20 14:42:27', 1);
INSERT INTO `articles` VALUES (6, '\"تست postman\"', 'معرفی فیلم انگلیسی برای تقویت زبان مبتدی قدری دشوارتر از سطوح بالاتر است؛ زیرا به‌ندرت ممکن است فیلمی متناسب با سطح مبتدی و صرفاً برای زبان‌آموزی ساخته شود. از طرفی بسیاری از زبان‌آموزان تصور می‌کنند با هر فیلمی می‌توانند زبان انگلیسی خود را تقویت کنند که این تصور چندان منطقی نیست. در این مقاله از زبانشناس چند فیلم برای تقویت زبان انگلیسی مبتدی تا متوسط را در ژانرهای مختلف معرفی می‌کنیم تا راهنمای مناسبی برای زبان‌آموزان این سطوح باشد.', '<h2 id=\"h2_1\">مزایای یادگیری زبان انگلیسی با فیلم چیست؟</h2>\n    <p>مهم‌ترین جذابیت یادگیری زبان با فیلم، بعد سرگرم‌کننده بودن آن است. علاوه بر این تماشای فیلم‌ برای یادگیری انگلیسی\n        مزیت‌های بسیاری دارد؛ مثلا به شما امکان می‌دهد آموزش گرامر انگلیسی و واژگان را فراتر از کتاب‌های آموزشی و در\n        دنیای واقعی یاد بگیرید. بهبود تلفظ و کاربرد کلمات در موقعیت‌های مختلف از دیگر فواید این روش یادگیری است. همچنین\n        با تماشای فیلم‌های زبان اصلی با فرهنگ‌ها و لهجه‌های گوناگون آشنا می‌شوید و به مرور زمان مهارت شنیداری شما به‌طرز\n        محسوسی بهبود میابد.</p>\n    <h2 id=\"h2_2\">بهترین فیلم برای تقویت زبان انگلیسی مبتدی</h2>\n    <p>پیش از معرفی فیلم‌ها بهتر است بگوییم ارتباط برقرار کردن با داستان و حتی بازیگران فیلم می‌تواند در یادگیری شما\n        تاثیر مهمی بگذارد؛ بنابراین سعی کنید در انتخاب فیلم، بازیگران، ژانر مورد علاقه و سایر موارد را در نظر بگیرید. در\n        این بخش تنوع فیلم‌های معرفی شده به‌قدری هست که بالاخره بتوانید بهترین فیلم انگلیسی برای تقویت زبان مبتدی را پیدا\n        کنید.</p>\n    <p>در معرفی هر یک از فیلم‌های معرفی‌شده، تا حد ممکن آیتم‌هایی مثل شمرده صحبت کردن، شفاف بودن تلفظ واژگان، تنوع\n        لهجه‌ها، کاربردی بودن عبارت به‌کاررفته در نظر گرفته شده است.</p>\n    <h3 id=\"h3_1\">1. هوگو ( Hugo )</h3>\n    <p>هوگو یکی از بهترین انواع فیلم برای تقویت زبان انگلیسی مبتدی به‌حساب می‌آید. شخصیت اول داستان که پسرکی ماجراجوست\n        که واژگان و ساختار گرامری ساده‌ای را در دیالوگ‌های خود به کار می‌برد. علاوه بر این سرعت تلفظ دیالوگ‌ها آهسته\n        بوده و بازیگران بسیار شمرده صحبت می‌کنند؛ بنابراین فیلم هوگو، از این جهات برای درک زبان‌آموز مبتدی مناسب به نظر\n        می‌رسد.</p>\n    <img src=\"http://localhost:4000/public/extraFiles/1753022794265.jpg\" alt=\"hogo\">\n    <ul>\n        <li><strong>سال ساخت:</strong> 2011</li>\n        <li><strong>محصول:</strong> آمریکا</li>\n        <li><strong>ژانر:</strong> فانتزی، درام، ماجراجویی</li>\n        <li><strong>لحجه:</strong> بریتیش</li>\n        <li><strong>خلاصه داستان:</strong></li>\n    </ul>\n    <p>فیلم سینمایی هوگو بر اساس داستان مشهور «اختراع هوگو کابرت» ساخته شده، هوگو نام پسر یتیمی است که در ایستگاه قطار\n        زندگی می‌کند. در خلال اتفاقاتی، هوگو پی به سرنخ‌هایی می‌برد که به گذشته و پدرش مربوط است.</p>\n    <h3 id=\"h3_2\">2. هری پاتر ( Harry Potter )</h3>\n    <p>هری پاتر یکی از بهترین گزینه‌های فیلم انگلیسی برای تقویت زبان مبتدی محسوب می‌شود؛ زیرا در مجموعه فیلم‌های هری\n        پاتر از ساده‌ترین واژگان تا کلمات مربوط به عالم سِحر و جادو شکل می‌گیرد. این تنوعِ به‌کارگیری واژگان از\n        عامیانه‌ترین تا خاص‌ترین کلمات، از برجسته‌ترین نکات مثبت این فیلم برای یادگیری زبان است.</p>\n    <p>از طرف دیگر ازآنجایی‌که عمده مخاطب این مجموعه را نوجوانان تشکیل می‌دهند، دیالوگ‌های به‌دور از تکلفِ بازیگران\n        نوجوان می‌تواند به تقویت زبان افراد مبتدی‌تر کمک کند. همچنین دنبال کردن 8 قسمتِ مختلف از مجموعه فیلم‌های هری\n        پاتر، زبان‌آموز را با شخصیت‌ها همراه می‌کند که این نیز در فهم بهتر دیالوگ‌ها نیز موثر است.</p>\n    <img src=\"http://localhost:4000/public/extraFiles/1753022818088.jpg\" alt=\"Harry Potter\">\n    <ul>\n        <li><strong>سال ساخت:</strong> 2001 تا 2010</li>\n        <li><strong>محصول:</strong> بریتانیا</li>\n        <li><strong>ژانر:</strong> فانتزی، ماجراجویی</li>\n        <li><strong>لحجه:</strong> بریتیش</li>\n        <li><strong>خلاصه داستان:</strong></li>\n    </ul>\n    <p>فیلم‌های هری پاتر حول زندگی پسر نوجوانی می‌چرخد که راه‌ورسم جادوگری را در پیش گرفته است. در هر یک از قسمت‌های این\n        فیلم اتفاقات پرهیجانی رخ می‌دهد که برای مخاطب بسیار جذاب محسوب می‌شود.</p>\n    <h3 id=\"h3_3\">3. گرگ‌ومیش ( Twilight )</h3>\n    <p>فیلم گرگ‌ومیش به دلیل اینکه مخاطبان اصلی‌اش جوانان و نوجوانان محسوب می‌شوند، سرشار از اصطلاحات عامیانه و رایج\n        آمریکایی است. علاوه بر این واژگان و عبارت‌هایی که توسط بازیگران ادا می‌شود بسیار شمرده و قابل‌فهم است.</p>\n    <img src=\"http://localhost:4000/public/extraFiles/1753022840208.jpg\" alt=\"Twilight\">\n    <ul>\n        <li><strong>سال ساخت:</strong> 2008</li>\n        <li><strong>محصول:</strong> آمریکا</li>\n        <li><strong>ژانر:</strong> عاشقانه، درام</li>\n        <li><strong>لحجه:</strong> امریکن</li>\n        <li><strong>خلاصه داستان:</strong></li>\n    </ul>\n    <p>دختر نوجوانی با بازی کریستین استوارت عاشق یک خون‌آشام می‌شود و حاضر است تمامی خطرات احتمالی را به‌خاطر او به جان\n        بخرد.</p>\n    <h3 id=\"h3_4\">4. دزدان دریایی کارائیب ( Pirates of the Caribbean )</h3>\n    <p>اگر بخواهیم انواع فیلم برای تقویت زبان مبتدی را فهرست کنیم، خیلی زود به این عنوان جذاب می‌رسیم. لذت یادگیری زبان\n        با هیجان بالا، از مجموعه فیلم‌های دزدان دریایی کارائیب برمی‌آید. تلفظ شمرده کلمات، استفاده از واژگان بسیار و\n        وضوح جملات بخشی از دلایلی هستند که یادگیری زبان انگلیسی با این مجموعه فیلم را برای زبان‌آموز مبتدی ممکن می‌کند.\n    </p>\n    <img src=\"http://localhost:4000/public/extraFiles/1753022862082.jpg\" alt=\"Pirates of the Caribbean\">\n    <ul>\n        <li><strong>سال ساخت:</strong> 2003</li>\n        <li><strong>محصول:</strong> آمریکا</li>\n        <li><strong>ژانر:</strong> اکشن، ماجراجویی</li>\n        <li><strong>لحجه:</strong> امریکن</li>\n        <li><strong>خلاصه داستان:</strong></li>\n    </ul>\n    <p>جذابیت بی‌چون‌وچرای فیلم دزدان دریایی کارائیب مدیون ماجراجویی‌های کاپیتان جک اسپارو با بازی جانی دپ است. در هر یک\n        از قسمت‌های این مجموعه فیلم، جک اسپارو ماجرایی و تماشایی را خلق می‌کند.</p>\n    <h3 id=\"h3_5\">5. تنها در خانه ( Home Alone )</h3>\n    <p>تنها در خانه عنوان یک فیلم سینمایی نوستالژیک است که بسیاری از زبان‌آموزان در کودکی به تماشای آن نشسته‌اند. به\n        دلیل فضای کودکانه داستان گفتار ساده و واضحی بین شخصیت‌های داستان شکل می‌گیرد که علاوه بر سرگرم‌کننده بودن، ساده\n        و جذاب است. تنها در خانه را از جهت سادگی مکالمات می‌توان یک فیلم انگلیسی برای تقویت زبان مبتدی دانست.</p>\n    <img src=\"http://localhost:4000/public/extraFiles/1753022891149.jpg\" alt=\"Home Alone\">\n    <ul>\n        <li><strong>سال ساخت:</strong> 1990</li>\n        <li><strong>محصول:</strong> آمریکا</li>\n        <li><strong>ژانر:</strong> کمدی، ماجراجویی</li>\n        <li><strong>لحجه:</strong> امریکن</li>\n        <li><strong>خلاصه داستان:</strong></li>\n    </ul>\n    <p>داستان این فیلم مربوط به کش‌وقوس‌هایی است که بین یک کودک باهوشِ تنها مانده در خانه و دو دزد شکل می‌گیرد.</p>\n    <br>\n    <br>\n    <p><strong>سخن آخر</strong></p>\n    <br>\n    <p>حالا که می‌توانید بهترین فیلم انگلیسی برای تقویت زبان را متناسب با علاقه خود انتخاب کنید، برای ما از تجربه زبان‌آموزی با این روش بگویید. همچنین می‌توانید فیلم‌های دیگری را که برای یادگیری زبان در سطح مبتدی می‌شناسید، به سایر زبان‌آموزان معرفی کنید.</p>', '[\"<a href=\"#h2_1\">لینک اول</a>\",\"<a href=\"#h2_2\">لینک دوم</a>\"]', 'http://localhost:4000/public/images/1753776792534.jpg', 'nam-kwtah-dwrh', 1, '2025-07-28 15:23:07', '2025-07-29 08:13:12', 1);

-- ----------------------------
-- Table structure for bans
-- ----------------------------
DROP TABLE IF EXISTS `bans`;
CREATE TABLE `bans`  (
  `id` int UNSIGNED NOT NULL AUTO_INCREMENT,
  `phone` varchar(255) CHARACTER SET utf8mb4 COLLATE utf8mb4_0900_ai_ci NOT NULL,
  `description` text CHARACTER SET utf8mb4 COLLATE utf8mb4_0900_ai_ci NULL,
  `created_at` datetime NOT NULL,
  `updated_at` datetime NOT NULL,
  `user_id` int UNSIGNED NULL DEFAULT NULL,
  PRIMARY KEY (`id`) USING BTREE,
  UNIQUE INDEX `phone`(`phone` ASC) USING BTREE,
  UNIQUE INDEX `unique_user`(`user_id` ASC) USING BTREE,
  CONSTRAINT `bans_user_id_foreign_idx` FOREIGN KEY (`user_id`) REFERENCES `users` (`id`) ON DELETE RESTRICT ON UPDATE RESTRICT
) ENGINE = InnoDB AUTO_INCREMENT = 4 CHARACTER SET = utf8mb4 COLLATE = utf8mb4_0900_ai_ci ROW_FORMAT = Dynamic;

-- ----------------------------
-- Records of bans
-- ----------------------------

-- ----------------------------
-- Table structure for books
-- ----------------------------
DROP TABLE IF EXISTS `books`;
CREATE TABLE `books`  (
  `id` int UNSIGNED NOT NULL AUTO_INCREMENT,
  `name` varchar(255) CHARACTER SET utf8mb4 COLLATE utf8mb4_0900_ai_ci NOT NULL,
  `shortDescription` text CHARACTER SET utf8mb4 COLLATE utf8mb4_0900_ai_ci NOT NULL,
  `longDescription` text CHARACTER SET utf8mb4 COLLATE utf8mb4_0900_ai_ci NOT NULL,
  `ageGrate` varchar(255) CHARACTER SET utf8mb4 COLLATE utf8mb4_0900_ai_ci NOT NULL,
  `grate` varchar(255) CHARACTER SET utf8mb4 COLLATE utf8mb4_0900_ai_ci NOT NULL,
  `cover` varchar(255) CHARACTER SET utf8mb4 COLLATE utf8mb4_0900_ai_ci NOT NULL,
  `slug` varchar(255) CHARACTER SET utf8mb4 COLLATE utf8mb4_0900_ai_ci NOT NULL,
  `links` text CHARACTER SET utf8mb4 COLLATE utf8mb4_0900_ai_ci NOT NULL,
  `created_at` datetime NOT NULL,
  `updated_at` datetime NOT NULL,
  `forChildren` tinyint(1) NOT NULL DEFAULT 0,
  PRIMARY KEY (`id`) USING BTREE,
  UNIQUE INDEX `slug`(`slug` ASC) USING BTREE
) ENGINE = InnoDB AUTO_INCREMENT = 7 CHARACTER SET = utf8mb4 COLLATE = utf8mb4_0900_ai_ci ROW_FORMAT = Dynamic;

-- ----------------------------
-- Records of books
-- ----------------------------
INSERT INTO `books` VALUES (3, 'family and friends', 'اگر زبان‌آموز کودک یا نوجوان دارید، کتاب های فمیلی اند فرندز یکی از بهترین انتخاب‌ها برای آموزش زبان به شیوه خلاقانه و نوین است.\\r\\nاین مجموعه در سال‌های اخیر، جایگزین خوبی برای کتاب‌های قدیمی مانند let’s go در آموزشگاه‌ها بوده است. تا پایان این مطلب با ما همراه باشید تا ضمن معرفی این مجموعه، درباره سطح بندی کتاب های Family And Friends اطلاعات کامل به دست بیاورید.', '    <h2 id=\"h2_1\">معرفی مجموعه Family and Friends</h2>\r\n    <p>مجموعه کتاب های Family and Friends توسط انتشارات آکسفورد منتشر شده و شامل ۷ جلد کتاب از مقدماتی تا پیشرفته است.\r\n        این مجموعه بیشتر روی دو مهارت گفتاری و نوشتاری تمرکز دارد.</p>\r\n    <p>فمیلی اند فرندز مجموعا طی ۱۲ ترم تدریس می&zwnj;شود. این کتاب&zwnj;ها در دو لهجه آمریکایی و بریتیش قابل تهیه هستند\r\n        و برای کودکان ۷ تا ۱۳ ساله طراحی شده&zwnj;اند. در هر سطح کتاب &rlm;family and friends موضوعات و فعالیت&zwnj;های\r\n        متناسب با گروه سنی کودک و نوجوان مطرح می&zwnj;شود.</p>\r\n    <h3 id=\"h3_1\">ویژگی های برجسته کتاب های فمیلی اند فرندز</h3>\r\n    <ul>\r\n        <li><strong>داستانی بودن</strong>: آموزش این کتب در خلال داستان&zwnj;های سه شخصیت خیالی است. به این ترتیب\r\n            زبان&zwnj;آموز ارتباط بیشتری با کتاب ایجاد می&zwnj;کند و فرایند یادگیری و به خاطر سپاری لغات، گرامر و\r\n            ساختارها ساده&zwnj;تر خواهد بود.</li>\r\n        <li><strong>آموزش ساختاریافته و گام به گام</strong>: سطح بندی کتاب &rlm;family and friends به صورت هدفمند طراحی\r\n            شده تا دانش&zwnj;آموزان در هر مرحله از یادگیری، به صورت تدریجی و متناسب با سطح خود پیشرفت کنند.</li>\r\n        <li><strong>محتوای جذاب کودکانه</strong>: تصاویر رنگارنگ و داستان&zwnj;های جذاب باعث می&zwnj;شود که کودکان با\r\n            اشتیاق بیشتری به یادگیری بپردازند.</li>\r\n        <li><strong>تمرینات تعاملی و متنوع</strong>: هر درس شامل تمرینات متنوعی است که به دانش&zwnj;آموزان کمک\r\n            می&zwnj;کند در حین شرکت در فعالیت&zwnj;های گروهی، مفاهیم را درک کنند.</li>\r\n        <li><strong>تاکید بر مهارت&zwnj;های اجتماعی و دوستی</strong>: همانطور که از نام مجموعه نیز پیداست، این\r\n            کتاب&zwnj;ها بر اهمیت دوستی، خانواده و ارتباطات اجتماعی تاکید دارند و به کودک و نوجوان کمک می&zwnj;کنند تا\r\n            ارزش&zwnj;های اخلاقی و اجتماعی را همگام با زبان، بیاموزند.</li>\r\n    </ul>\r\n    <h2 id=\"h2_2\">سطوح کتاب های Family and Friends</h2>\r\n    <p>تعداد کتب در سطح بندی کتاب های&lrm;family and friends لهجه بریتیش شامل ۷ جلد و در لهجه آمریکایی شامل ۶ جلد است.\r\n        هر سطح شامل کتاب درسی، کتاب کار و منابع چندرسانه&zwnj;ای برای تقویت مهارت&zwnj;های شنیداری و گفتاری است. در\r\n        ادامه راجع به ویژگی&zwnj;های هر سطح کتاب های family and friends صحبت کرده&zwnj;ایم.</p>\r\n    <h3 id=\"h3_2\">سطح استارتر کتاب Family and Friends</h3>\r\n    <p>کتاب starter برای کودکان ۵ تا ۶ ساله یا زبان&zwnj;آموزانی است که می&zwnj;خواهند به تازگی یادگیری زبان انگلیسی را\r\n        آغاز کنند. در این سطح با استفاده از مجموعه&zwnj;ای از فعالیت&zwnj;های زیر، به آموزش حروف الفبا، اعداد و کلمات\r\n        ساده پرداخته می&zwnj;شود:</p>\r\n    <ul>\r\n        <li>تصاویر رنگارنگ</li>\r\n        <li>فعالیت&zwnj;های سرگرم&zwnj;کننده و بازی&zwnj;محور</li>\r\n        <li>تمرینات شنیداری و گفتاری ساده</li>\r\n        <li>آهنگ و اشعار کودکانه</li>\r\n    </ul><img src=\"http://localhost:4000/public/extraFiles/1753285871061.png\" alt=\"family and friends starter\" />\r\n    <h3 id=\"h3_3\">سطح ۱ کتاب Family and Friends</h3>\r\n    <p>کتاب فمیلی فرندز ۱ برای کودکانی است که شروع به یادگیری زبان انگلیسی کرده&zwnj;اند و با مبانی ابتدایی آشنا هستند.\r\n        تمرکز در این سطح بیشتر بر روی مهارت&zwnj;های پایه&zwnj;ای مانند مکالمه&zwnj;های کوتاه و جملات ساده است.\r\n        ویژگی&zwnj;های سطح عبارتند از موارد زیز:</p>\r\n    <ul>\r\n        <li>آموزش جملات کوتاه و مکالمه&zwnj;های روزمره</li>\r\n        <li>تقویت مهارت&zwnj;های شنیداری و درک مطلب</li>\r\n        <li>تمرینات نوشتاری برای ساختن جملات ساده</li>\r\n        <li>استفاده از داستان&zwnj;های کوتاه و جذاب</li>\r\n        <li>تمرینات متنوع برای یادگیری پایه&zwnj;ای مکالمه و درک مطلب</li>\r\n    </ul><img src=\"http://localhost:4000/public/extraFiles/1753285881593.png\" alt=\"family and friends 1\" />\r\n    <h3 id=\"h3_4\">سطح ۲ کتاب Family and Friends</h3>\r\n    <p>در کتاب فمیلی اند فرندز ۲ زبان&zwnj;آموزان با جملات پیچیده&zwnj;تر و واژگان گسترده&zwnj;تری آشنا می&zwnj;شوند.\r\n        این سطح کتاب &rlm;family and friends&rlm; دانش&zwnj;آموزان را به سمت استفاده عملی از زبان در مکالمات روزمره و\r\n        نگارش متون کوتاه هدایت می&zwnj;کند. ویژگی&zwnj;های Family and Friends 2 عبارتند از:</p>\r\n    <ul>\r\n        <li>آموزش گرامر پایه&zwnj;ای و ساختار جملات</li>\r\n        <li>تمرینات بیشتر برای تقویت مهارت نوشتن</li>\r\n        <li>افزایش فعالیت&zwnj;های گروهی و تعاملی برای تقویت مکالمه</li>\r\n        <li>داستان&zwnj;ها و متون مناسب سطح</li>\r\n        <li>آشنایی با زمان&zwnj;های مختلف افعال و گرامر پایه</li>\r\n    </ul><img src=\"http://localhost:4000/public/extraFiles/1753285889753.png\" alt=\"family and friends 2\" />\r\n    <h3 id=\"h3_5\">سطح ۳ کتاب Family and Friends</h3>\r\n    <p>با گذراندن سطح۳، زبان&zwnj;آموز نگارش متن&zwnj;های کوتاه و مشارکت در مکالمات طولانی&zwnj;تر را تمرین می&zwnj;کند.\r\n        تمرکز سطح ۳ بیشتر بر تقویت مهارت&zwnj;های خواندن و نوشتن است و به طور کلی بر روی مهارت&zwnj;های زیر کار\r\n        می&zwnj;کند:</p>\r\n    <ul>\r\n        <li>مفاهیم گرامری پیشرفته&zwnj;تر</li>\r\n        <li>خواندن متون طولانی&zwnj;تر</li>\r\n        <li>فعالیت&zwnj;های نگارشی پیچیده&zwnj;تر مانند نوشتن داستان&zwnj;های کوتاه</li>\r\n        <li>تقویت مهارت شنیداری با استفاده از فایل&zwnj;های صوتی مکالمه&zwnj;های روزمره</li>\r\n    </ul><img src=\"http://localhost:4000/public/extraFiles/1753285897263.png\" alt=\"family and friends 3\" />\r\n    <h3 id=\"h3_6\">سطح ۴ کتاب Family and Friends</h3>\r\n    <p>سطح متوسط به بالا که به کودکان کمک می&zwnj;کند تا در سطح پیشرفته&zwnj;تری از زبان انگلیسی در موقعیت&zwnj;های\r\n        واقعی استفاده کنند. تمرکز این سطح بر تقویت مهارت&zwnj;های تحلیلی در مکالمات و نگارش است. بنابراین تمرینات\r\n        پیچیده&zwnj;تری در زمینه مکالمه و نگارش به دانش&zwnj;آموزان ارائه می&zwnj;شود. در این سطح کتاب های &rlm;family\r\n        and friends تمرکز بر فعالیت&zwnj;های زیر است:</p>\r\n    <ul>\r\n        <li>تقویت مهارت&zwnj;های شنیداری و درک مطلب با بهره&zwnj;گیری از موضوعات چالش&zwnj;برانگیز</li>\r\n        <li>افزایش دایره واژگان</li>\r\n        <li>آموزش اصطلاحات رایج</li>\r\n        <li>تمرینات نگارشی پیشرفته&zwnj;تر برای نوشتن پاراگراف&zwnj;ها و متون طولانی&zwnj;تر</li>\r\n        <li>تمرین مکالمات پیچیده&zwnj;تر در موضوعات متنوع</li>\r\n    </ul><img src=\"http://localhost:4000/public/extraFiles/1753285904206.png\" alt=\"family and friends 4\" />\r\n    <h3 id=\"h3_7\">سطح ۵ کتاب Family and Friends</h3>\r\n    <p>در این مرحله مهارت&zwnj;های شنیداری، نوشتاری و گفتاری به حد قابل قبولی می&zwnj;رسند و زبان&zwnj;آموزان نوجوان از\r\n        طریق یادگیری و تمرینات زیر، توانایی ارتباط مؤثرتر با دیگران را پیدا می&zwnj;کنند:</p>\r\n    <ul>\r\n        <li>آموزش مفاهیم گرامری پیشرفته</li>\r\n        <li>تمرکز بر روی درک متون پیچیده و طولانی&zwnj;تر</li>\r\n        <li>فعالیت&zwnj;های گروهی و مکالمات پیشرفته&zwnj;تر</li>\r\n        <li>تقویت مهارت نوشتاری با استفاده از مقالات و داستان&zwnj;نویسی</li>\r\n    </ul><img src=\"http://localhost:4000/public/extraFiles/1753285912220.png\" alt=\"family and friends 5\" />\r\n    <h3 id=\"h3_8\">سطح ۶ کتاب Family and Friend</h3>\r\n    <p>آخرین سطح از مجموعه کتاب&zwnj;های فمیلی اند فرندز، ه دانش&zwnj;آموزان کمک می&zwnj;کند تا به طور کامل بر\r\n        مهارت&zwnj;های زبانی خود مسلط شوند و آمادگی لازم برای سطوح بالاتر و حتی آزمون&zwnj;های بین&zwnj;المللی را پیدا\r\n        کنند. ویژگی&zwnj;های سطح ۶ فمیلی اند فرندز عبارتند از موارد زیر:</p>\r\n    <ul>\r\n        <li>استفاده از متون و مقالات علمی و ادبی</li>\r\n        <li>تمرین مکالمات پیچیده و تمرکز بر تلفظ صحیح</li>\r\n        <li>آموزش گرامر پیشرفته</li>\r\n        <li>تمرینات نوشتاری پیشرفته</li>\r\n        <li>ارائه&zwnj;های شفاهی</li>\r\n    </ul><img src=\"http://localhost:4000/public/extraFiles/1753285917589.png\" alt=\"family and friends 6\" />', '8  تا 12', 'مقدماتی', 'http://localhost:4000/public/images/1752739767312.jpg', 'family-and-friends', '[\"<a href=\\\"#h2_1\\\">معرفی مجموعه Family and Friends</a>\",\"<a href=\\\"#h3_1\\\">ویژگی های برجسته کتاب های فمیلی اند فرندز</a>\",\"<a href=\\\"#h2_2\\\">سطوح کتاب های Family and Friends</a>\",\"<a href=\\\"#h3_2\\\">سطح استارتر کتاب Family and Friends</a>\",\"<a href=\\\"#h3_3\\\">سطح ۱ کتاب Family and Friends</a>\",\"<a href=\\\"#h3_4\\\">سطح ۲ کتاب Family and Friends</a>\",\"<a href=\\\"#h3_5\\\">سطح 3 کتاب Family and Friends</a>\",\"<a href=\\\"#h3_6\\\">سطح ۴ کتاب Family and Friends</a>\",\"<a href=\\\"#h3_7\\\">سطح ۵ کتاب Family and Friends</a>\",\"<a href=\\\"#h3_8\\\">سطح ۶ کتاب Family and Friend</a>\"]', '2025-07-03 06:53:34', '2025-07-23 15:54:17', 1);
INSERT INTO `books` VALUES (4, 'american english file', 'مجموعه American English File  که توسط انتشارات Oxford به چاپ رسیده است، دارای 6 سطح است (American English File Starter, level 1, level 2, level 3, level 4,level 5). از بهترین مجموعه هایی که برای آموزش زبان انگلیسی به بزرگسالان تاکنون به چاپ رسیده است، مجموعه American English File  می‌باشد. هر کتاب از مجموعه American English File، شامل 10 الی 12 درس است. که در این کتاب، تمرکز روی سه بخش Grammar، Vocabulary و pronunciation است. از نقاط قوت این مجموعه، به تقویت مهارت Speaking  می‌پردازد، که البته مجموعه American English File  به سه مهارت دیگر (Listening، Writing و Reading) نیز می پردازد. از لحاظ دشواری، سطح Starter American English File پایین ترین سطح و 5American English File  بالاترین سطح می باشند. تمامی کتاب‌های این مجموعه شامل کتاب دانش آموز (به همراه فابل های صوتی)، کتاب کار (به همراه فابل های صوتی)، کتاب معلم و چند نوع ویدئوی آموزشی می باشد.', '<h2 id=\"h2_1\">ویژگی&zwnj;های مجموعه کتاب&zwnj;های امریکن انگلیش فایل</h2>\r\n    <h3 id=\"h3_1\">کتاب American English file starter&nbsp;</h3>\r\n    <p>این کتاب از مجموعه&zwnj;&zwnj;ی American English File&nbsp; یک کتاب مکالمه محور است که بیشترین تمرکز بر روی تقویت\r\n        مهارت Speaking می&zwnj;پردازد. هرچند که کتاب 1American English File&nbsp; به آموزش هر چهار مهارت\r\n        زبان&zwnj;انگلیسی می&zwnj;پردازد. لازم به ذکر است که کتاب در سطح مبتدی نیست. حال به بررسی محتوای درس به درس این\r\n        کتاب می&zwnj;پردازیم:</p>\r\n    <ul>\r\n        <li>درس اول به ضمایر فاعلی، افعالی To be (مثبت ، منفی و سوالی) و صفات ملکی می&zwnj;پردازد.</li>\r\n        <li>درس دوم در مورد اسامی مفرد و جمع، صفات و جملات امری بحث و گفتگو می&zwnj;شود.</li>\r\n        <li>در درس سوم به زمان حال ساده (مثبت، منفی و سوالی) و همچنین در مورد ساختار جمله خبری و سوالی می&zwnj;پردازد.\r\n        </li>\r\n        <li>درس چهارم سوالات مربوط به مالکیت، حروف اضافه مربوط به بیان زمان، و نقش قیود در جملات، این درس آموزش داده\r\n            میشوند.</li>\r\n        <li>درس پنجم هم به آموزش و کاربرد فعل can و زمان حال استمراری پرداخته می&zwnj;شود، از طرفی به تفاوت بین زمان حال\r\n            ساده و حال استمراری در این درس توجه می&zwnj;شود.</li>\r\n        <li>درس ششم به آموزش ضمایر مفعولی، و همچنین کاربرد فعل like&nbsp; می&zwnj;پردازد، از طرفی این درس مروری به افعال\r\n            be و do دارد.</li>\r\n        <li>درس هفتم به نکات و گرامرهای جدیدتری می&zwnj;پردازد. چرا که تا درس ششم، مطالب گذشته در کتاب کلا درس هفتم به\r\n            آموزش زمان گذشته ساده می&zwnj;پردازد.</li>\r\n        <li>درس هشتم در ادامه درس هفتم آموزش زمان گذشته است از طرفی به آموزش Some و any هم می&zwnj;پردازد.</li>\r\n        <li>درس نهم، مربوط به اسامی قابل شمارش و غیرقابل شمارش میباشند. همچنین صفات مقایسه ای نیز در این درس گفته\r\n            میشوند.</li>\r\n        <li>درس دهم ، صفات Superlative&nbsp; گفته میشوند. که به آموزش زمان آینده نیز میپردازد.</li>\r\n        <li>در درس یازدهم درمورد قیود و افعال Infinitive و همچنین حروف تعریف صحبت می&zwnj;شود.</li>\r\n        <li>در آخر درس دوازدهم، به بررسی، زمان حال کامل و تفاوت این زمان با زمان گذشته ساده پرداخته می&zwnj;شود.</li>\r\n    </ul><img src=\"http://localhost:4000/public/extraFiles/1753284656717.png\"\r\n        alt=\"american english file starter\" />\r\n    <h3 id=\"h3_2\">کتاب American English file 1&nbsp;</h3>\r\n    <p>پاین کتاب از مجموعه&zwnj;&zwnj;ی American English File&nbsp; یک کتاب مکالمه محور است که بیشترین تمرکز بر روی\r\n        تقویت مهارت Speaking می&zwnj;پردازد. هرچند که کتاب 1American English File&nbsp; به آموزش هر چهار مهارت\r\n        زبان&zwnj;انگلیسی می&zwnj;پردازد. لازم به ذکر است که کتاب در سطح مبتدی نیست. حال به بررسی محتوای درس به درس این\r\n        کتاب می&zwnj;پردازیم:</p>\r\n    <ul>\r\n        <li>درس اول به ضمایر فاعلی، افعالی To be (مثبت ، منفی و سوالی) و صفات ملکی می&zwnj;پردازد.</li>\r\n        <li>درس دوم در مورد اسامی مفرد و جمع، صفات و جملات امری بحث و گفتگو می&zwnj;شود.</li>\r\n        <li>در درس سوم به زمان حال ساده (مثبت، منفی و سوالی) و همچنین در مورد ساختار جمله خبری و سوالی می&zwnj;پردازد.\r\n        </li>\r\n        <li>درس چهارم سوالات مربوط به مالکیت، حروف اضافه مربوط به بیان زمان، و نقش قیود در جملات، این درس آموزش داده\r\n            میشوند.</li>\r\n        <li>درس پنجم هم به آموزش و کاربرد فعل can و زمان حال استمراری پرداخته می&zwnj;شود، از طرفی به تفاوت بین زمان حال\r\n            ساده و حال استمراری در این درس توجه می&zwnj;شود.</li>\r\n        <li>درس ششم به آموزش ضمایر مفعولی، و همچنین کاربرد فعل like&nbsp; می&zwnj;پردازد، از طرفی این درس مروری به افعال\r\n            be و do دارد.</li>\r\n        <li>درس هفتم به نکات و گرامرهای جدیدتری می&zwnj;پردازد. چرا که تا درس ششم، مطالب گذشته در کتاب کلا درس هفتم به\r\n            آموزش زمان گذشته ساده می&zwnj;پردازد.</li>\r\n        <li>درس هشتم در ادامه درس هفتم آموزش زمان گذشته است از طرفی به آموزش Some و any هم می&zwnj;پردازد.</li>\r\n        <li>درس نهم، مربوط به اسامی قابل شمارش و غیرقابل شمارش میباشند. همچنین صفات مقایسه ای نیز در این درس گفته\r\n            میشوند.</li>\r\n        <li>درس دهم ، صفات Superlative&nbsp; گفته میشوند. که به آموزش زمان آینده نیز میپردازد.</li>\r\n        <li>در درس یازدهم درمورد قیود و افعال Infinitive و همچنین حروف تعریف صحبت می&zwnj;شود.</li>\r\n        <li>در آخر درس دوازدهم، به بررسی، زمان حال کامل و تفاوت این زمان با زمان گذشته ساده پرداخته می&zwnj;شود.</li>\r\n    </ul><img src=\"http://localhost:4000/public/extraFiles/1753284662702.png\"\r\n        alt=\"american english file 1\" />\r\n    <h3 id=\"h3_3\">کتاب American English file 2</h3>\r\n    <p>جلد دوم مجموعه&zwnj;&zwnj;ی American English File&nbsp; دارای سطح متوسط در زبان انگلیسی میباشد. کتاب American\r\n        English file 2&nbsp; در دروس ابتدایی خود مطالب مربوط به سطح A2 و در ادامه به تدریس سطح B1 می&zwnj;پردازد.&nbsp;\r\n        مطالب این کتاب در دوازده درس ارائه شده اند.</p>\r\n    <ul>\r\n        <li>در درس اول از جلد دوم این مجموعه گرامر جملات سوالی، زمان حال ساده و زمان حال استمراری را مرور می&zwnj;کنیم.\r\n        </li>\r\n        <li>درس دوم به گرامر های زمان گذشته ساده (افعال با قاعده و بی قاعده) و زمان گذشته استمراری اختصاص دارد.</li>\r\n        <li>در درس سوم با گرامر های زمان آینده و کاربرد Be going to&nbsp; برای بیان برنامه های آتی و زمان حال استمراری\r\n            (رویکرد آینده) آشنا می&zwnj;شویم.</li>\r\n        <li>در درس چهارم ، زمان حال کامل ، کاربرد عبارات yet و already و همچنین تفاوت آن با زمان گذشته ساده مطالبی هستند\r\n            که تدریس خواهند شد.</li>\r\n        <li>در درس پنجم، صفات و قیود مقایسه ای (as&hellip;as) ، صفات عالی (+ever+present perfect)&nbsp; را\r\n            می&zwnj;آموزید و در ادامه نیز کمیت سنج هایی مثل too و not enough&nbsp; نیز در این درس آموزش داده میشوند.\r\n        </li>\r\n        <li>درس ششم در ابتدا به آموزش will و won&rsquo;t برای بیان پیشبینی ها، تصمیم گیری، پیشنهاد دادن و یا قول دادن\r\n            می&zwnj;پردازد و در انتها نیز مروری کلی بر زمانهای حال ، گذشته و آینده نیز خواهد داشت.</li>\r\n        <li>در بخش اول از درس هفتم ، استفاده از infinitive ها ، و بکارگیری gerund&nbsp; ها&nbsp; تدریس می&zwnj;شود. و در\r\n            بخش دوم نیز کاربرد کمکی های have to ، don&rsquo;t have to ، must ،must not ، can&rsquo;t&nbsp; آموزش داده\r\n            می&zwnj;شود.</li>\r\n        <li>درس هشتم به کاربرد should و همچنین آموزش شرطی نوع اول و همچنین ضمایر ملکی می&zwnj;پردازد.</li>\r\n        <li>در درس نهم گرامر جملات شرطی نوع دوم آموزش داده می&zwnj;شود همچنین در ادامه این درس مروری بر زمان حال کامل و\r\n            کاربرد for و since در این زمان و تفاوت زمان حال کامل و زمان گذشته ساده خواهیم داشت.</li>\r\n        <li>درس دهم در ابتدا آموزش جملات مجهول را تدریس می&zwnj;کند و در ادامه نیز کاربرد used to و همچنین آموزش might\r\n            را شاهد خواهیم بود.</li>\r\n        <li>در بخش ابتدایی درس یازدهم، مروری بر آموزش Expressing movement و ترتیب قرار گیری کلمات در عبارات ارائه شده\r\n            است و در ادامه این درس نیز به so, neither + auxiliaries نیز اشاره میشود.</li>\r\n        <li>درس دوازدهم که درس انتهایی این کتاب است به آموزش ماضی بعید اختصاص دارد و همچنین آموزش نقل قول نیز در این درس\r\n            آورده شده است.</li>\r\n    </ul><img src=\"http://localhost:4000/public/extraFiles/1753284668927.png\"\r\n        alt=\"american english file 2\" />\r\n    <h3 id=\"h3_4\">کتاب American English file 3</h3>\r\n    <p>سطح کتاب&nbsp; American English File 3 متوسط رو به بالا می&zwnj;باشد که به نیمه دوم سطحB1&nbsp; و نیمه اول سطح B2\r\n        می&zwnj;پردازد و شامل 10 درس است.</p>\r\n    <ul>\r\n        <li>درس اول، ابتدا گرامر زمان حال ساده و زمان حال استمراری بررسی می&zwnj;شود و سپس انواع زمان&zwnj;ها شامل:\r\n            Present Continuous، Future Continuousو Future Simple(will/won&rsquo;t)&nbsp; مرور می&zwnj;شوند.</li>\r\n        <li>درس دوم، ابتدا مروری بر زمان حال کامل(Present Perfect) و گذشته ساده (Past Simple)دارد. در ادامه این درس،\r\n            آموزش حال کامل و حال کامل استمراری را تکمیل می&zwnj;کند.</li>\r\n        <li>درس سوم هم، در ابتدا، مروری بر صفات تفضیلی و عالی دارد و در ادامه نیز کاربرد حروف تعریف آورده شده است.</li>\r\n        <li>ابتدای درس چهارم، کاربرد افعال کمکیcan / could / be able to&nbsp; آموزش داده می&zwnj;شود و در ادامه آن هم به\r\n            آموزش ضمایر انعکاسی اشاره می&zwnj;کند همچنین افعال modal همچون must /&nbsp; have to / should&nbsp; در انتهای\r\n            این درس آموزش داده میشوند.</li>\r\n        <li>در ابتدای درس پنجم، مروری بر زمان گذشته ساده و استمراری و همچنین ماضی بعید خواهیم داشت. در ادامه این درس به\r\n            کاربرد usually&nbsp; وused to&nbsp; نیز خواهیم پرداخت.</li>\r\n        <li>درس ششم، گرامر تمامی زمانها در حالت مجهول را شامل می&zwnj;شود. همچنین در ادامه این درس به افعال modal همچون\r\n            might/can&rsquo;t/must هم پرداخته است.</li>\r\n        <li>ابتدای درس هفتم به یادگیری عبارات شرطی نوع اول و عبارات زمان آینده میپردازیم. و در ادامه آن هم به مرور\r\n            عبارات شرطی نوع دوم پرداخته می شود.</li>\r\n        <li>درس هشتم، نحوه بیان نقل قول در جملات خبری و سوالی تدریس شده است. در ادامه این درس مروری دوباره بر افعال\r\n            infinitive و gerund آورده شده است.</li>\r\n        <li>درس نهم، با گرامر عبارات شرطی نوع سوم آشنا میشویم. همچنین مباحثی درمورد quantifier ها و نکاتی پیرامون آنها\r\n            هم از دیگر مطالب این درس است.</li>\r\n        <li>درس دهم که درس پایانی این کتاب است به آموزش Relative clause ها و tag question&nbsp; پرداخته شده است.</li>\r\n    </ul><img src=\"http://localhost:4000/public/extraFiles/1753284674128.png\"\r\n        alt=\"american english file 3\" />\r\n    <h3 id=\"h3_5\">کتاب American English file 4</h3>\r\n    <p>این جلد از کتاب دارای سطح متوسط بالا ، نزدیک به پیشرفته میباشد که به آموزش کامل سطح B2 میپردازد. جلد چهارم این\r\n        مجموعه نیز دارای 10 درس می&zwnj;باشد و هر درس دارای دو بخش است.</p>\r\n    <ul>\r\n        <li>در بخش اول درس اول این کتاب به ساختار جملات سوالی و پاسخ به آن ها آورده شده است که در قسمت تلفظ جملات نیز\r\n            نحوه صحیح ادا کردن عبارات دوستانه و علاقه نشان دادن در نحوه تلفظ مورد تاکید قرار می&zwnj;گیرد و در بخش دوم\r\n            نیز به افعال کمکی و عبارات تفضیلی پرداخته می&zwnj;شود و همچنین نحوه صحیح حفظ ریتم و آهنگ جملات در تلفظ کلمات\r\n            آمزش داده می&zwnj;شود.</li>\r\n        <li>در قسمت گرامر درس دوم با ساختار زمان حال کامل ساده و حال کامل استمراری در بخش اول و نحوه استفاده از صفت ها\r\n            به عنوان اسم در بخش دوم آشنا می&zwnj;شوید همچنین در قسمت تلفظ این درس نیز استرس صحیح کلمات و حروف صدا دار\r\n            برای شما توضیح داده شده است.</li>\r\n        <li>گرامر درس سوم شامل زمان های ماضی بعید استمراری و عبارات قیدی&nbsp; است و در قسمت تلفط این درس نیز به استرس\r\n            عبارات و آهنگ جملات اشاره می&zwnj;شود.</li>\r\n        <li>درس چهارم نیز در قسمت اول خود به گرامر به آینده کامل و آینده استمراری می&zwnj;پردازد و در قسمت دوم نیز به\r\n            ساختار جملات شرطی و نوع صفرم و نوع اول آن را شرح می&zwnj;دهد و در ادامه آن ها هم استرس و آهنگ عبارات و حروف\r\n            صدادار را در قسمت تلفط بیشتر توضیح می&zwnj;دهد.</li>\r\n        <li>گرامر قسمت اول درس پنجم ساختار جملات شرطی غیر واقعی را معرفی می&zwnj;کند و در گرامر قسمت دوم نیز ساختار\r\n            جملات بعد از عبارت wish آورده شده است و در ادامه نیز نحوه ادای استرس در صفات سه یا چهار سیلابی آموزش داده\r\n            شده است.</li>\r\n        <li>در درس ششم گرامر قسمت اول مربوط به gerund ها و عبارات&nbsp; infinitive و گرامر قسمت دوم نیز مربوط به\r\n            عبارت&nbsp; used to&nbsp; و مشتقات آن می&zwnj;شود.&nbsp;&nbsp;</li>\r\n        <li>افعال کمکی زمان گذشته مانند&nbsp; may , might , should و &hellip; گرامر بخش اول درس هفتم را تشکیل\r\n            می&zwnj;دهند .ساختار مجهول یکی از مهم ترین گرامر های زبان انگلیسی استکه این مبحث در بخش اول درس هشتم این\r\n            کتاب تدیس شده است و در بخش دوم آن نیز افعال نقل قولی آورده شده است.</li>\r\n        <li>گرامر بخش اول درس نهم این کتاب هم شامل عبارات مقایسه ای و عباراتی مانند whatever , whenever&nbsp; و&hellip;\r\n            خواهد بود که در بخش دوم آن هم اسامی جمع و غیرقابل شمارش نیز ارائه شده است.</li>\r\n        <li>در درس پایانی و دهم نیز quantifier ها و حروف تعریف آموزش داده شده اند .</li>\r\n    </ul><img src=\"http://localhost:4000/public/extraFiles/1753284679792.png\"\r\n        alt=\"american english file 4\" />\r\n    <h3 id=\"h3_6\">کتاب American English file 5</h3>\r\n    <p>جلد پنجم و آخر این مجموعه که در سطح&nbsp; c1 دسته بندی می&zwnj;شود نیز شامل 10 درس است.که در درس اول آن به آموزش\r\n        گرامرDiscourse marker ها&nbsp; و Connector ها می&zwnj;پردازد و در بخش دوم آن نیز نکاتی در مورد have&nbsp; اشاره\r\n        می&zwnj;کند.</p>\r\n    <ul>\r\n        <li>بخش اول درس دوم این کتاب به گرامر و نکاتی درمورد ضمایر اختصاص دارد و بخش دوم آن هم بخشی از زمان گذشته و\r\n            استفاده از would , used to&nbsp; را ارائه می&zwnj;کند.</li>\r\n        <li>در درس سوم به استفاده از فعل get و نحوه استفاده آن در شرایط مختلف اختصاص دارد و در بخش دو آن هم ادامه گرامر\r\n            Discourse marker&nbsp; ها از درس اول آورده شده است.</li>\r\n        <li>گرامر درس چهارم در بخش اول به مبحث Speculation&nbsp; و Deduction می&zwnj;پردازد و در بخش دوم نیز عبارات\r\n            تاکید و inversion آموزش داده شده است.</li>\r\n        <li>در درس پنجم این مجموعه با مفهوم&nbsp; distancing و استفاده های غیرواقعی از زمان گذشته آشنا می&zwnj;شوید.\r\n        </li>\r\n        <li>گرامر درس ششم آشنایی با ساختار verb + object + infinitive/gerund و همچنین جملات شرطی است.</li>\r\n        <li>در درس هفتم اما با گرامر های مربوط به مباحث permission &ndash; obligation &ndash; necessity ادامه پیدا\r\n            می&zwnj;کند.</li>\r\n        <li>گرامر درس هشتم به ادامه مباحث مربوط به gerund ها و infinitive&nbsp; ها در دروس گذشته می&zwnj;پردازد و همچنین\r\n            عبارات مربوط به بیان برنامه ها و قرار های آینده و می&zwnj;پردازد.</li>\r\n        <li>در گرامر درس نهم مباحث مریوط به Ellipsis&nbsp; و&nbsp; Substitution آورده شده است و در ادامه آن هم مباحثی\r\n            مربوط به اسم ها نیز آموزش داده شده است.</li>\r\n        <li>وگرامر در دهم نیز به آموزش Cleft sentences ها و همچنین نکات دیگری درمورد جملات مقایسه ای می&zwnj;پردازد.\r\n        </li>\r\n    </ul><img src=\"http://localhost:4000/public/extraFiles/1753284685160.png\"\r\n        alt=\"american english file 5\" />', '12  تا 25', 'متوسط', 'http://localhost:4000/public/images/1752733143874.png', 'american-english-file', '[\"<a href=\\\"#h2_1\\\">ویژگی‌های مجموعه کتاب‌های امریکن انگلیش فایل</a>\",\"<a href=\\\"#h3_1\\\">کتاب American English file starter</a>\",\"<a href=\\\"#h3_2\\\">کتاب American English file 1</a>\",\"<a href=\\\"#h3_3\\\">کتاب American English file 2</a>\",\"<a href=\\\"#h3_4\\\">کتاب American English file 3</a>\",\"<a href=\\\"#h3_5\\\">کتاب American English file 4</a>\",\"<a href=\\\"#h3_6\\\">کتاب American English file 5</a>\"]', '2025-07-17 06:19:03', '2025-07-23 15:57:41', 0);
INSERT INTO `books` VALUES (5, 'top notch', 'مجموعه کتاب ‏تاپ ناچ، یکی از ‏بهترین کتاب‌های یادگیری زبان انگلیسی محسوب می‌شود که توسط انتشارات پیرسون لانگمن در سال ۲۰۰۶ منتشر شد. در این مقاله قصد داریم ترتیب سطح کتاب تاپ ناچ را بررسی کنیم و بگوییم این مجموعه مناسب چه افرادی است. با ما همراه باشید.', '<h2 id=\"h2_1\">هدف کتاب&zwnj;های &rlm;Top Notch&rlm; چیست؟</h2>\r\n    <p>Top Notch یک مجموعه کاربردی برای آموزش زبان انگلیسی و بر مبنای روش Communicative based است که با اصولی علمی،\r\n        پالایش سیستماتیک و تمرینات منظم، آموزش و یادگیری زبان انگلیسی را تسهیل کرده است.</p>\r\n    <p>هر فصل از کتاب تاپ ناچ، هدف مشخصی دارد و زبان&zwnj;آموزان در طی دوره&zwnj;ها به آن اهداف می&zwnj;رسند.&rlm;\r\n        به&zwnj;طورکلی این مجموعه، هر چهار مهارت اصلی را پوشش می&zwnj;دهد، اما مهارت &rlm;گفتاری&rlm; و &rlm;شنیداری از\r\n        اهمیت &rlm;بیشتری برخوردار است.&rlm;</p>\r\n    <p>از دیگر ویژگی&zwnj;های مهم Top Notch، قرار دادن زبان&zwnj;آموزان در موقعیت&zwnj;های حقیقی و کاربرد واژگان و جملات\r\n        در مکالمه&zwnj;های &rlm;کوتاه&rlm; است.&rlm; گرامر و دستور زبان نیز در این مکالمات کوتاه ارائه شده و به دلیل\r\n        کوتاه بودن آن&zwnj;ها، در &rlm;مدت زمان کم و به سهولت آموزش داده می&zwnj;شوند.&rlm; فایل&zwnj;های صوتی کتاب نیز،\r\n        مهارت شنیداری زبان&zwnj;آموزان را در کنار یادگیری هر مهارت تقویت &rlm;می&zwnj;کند.&rlm;</p>\r\n    <p>مؤلفان این مجموعه Joan Saslow و Allen ascher هستند. آن&zwnj;ها چندین سال زبان انگلیسی را تدریس کرده و\r\n        روش&zwnj;های تدریس را به معلمان آموخته&zwnj;اند. این مجموعه برای سطح زبانی بین Beginner تا Intermediate طراحی\r\n        شده و برای آن دسته از افرادی که سطح زبان&zwnj; آن&zwnj;ها تا حدی است که بیش از ۸۰ درصد سمینارهای انگلیسی، اخبار،\r\n        فیلم&zwnj;های سینمایی و ترانه&zwnj;های انگلیسی را متوجه می&zwnj;شوند، مناسب نیست.</p>\r\n    <p>هر سطح تاپ ناچ، دو کتاب با عنوان &rlm;A&rlm; و &rlm;B&rlm; دارد که هر کدام چندین درس را پوشش می&zwnj;دهند.&rlm;\r\n        در ادامه به بررسی هر کدام از این دسته&zwnj;بندی&zwnj;ها می&zwnj;پردازیم.</p>\r\n    <h2 id=\"h2_2\">سطح کتاب&zwnj;های آبی تاپ ناچ (تاپ ناچ &rlm;fundamentals&rlm;)&rlm;</h2>\r\n    <p><strong>کتاب Top Notch Fundamentals A</strong>، اولین سطح کتاب تاپ ناچ است و به بررسی نکات اولیه و پایه مورد نیاز\r\n        درک مطلب و گرامر می&zwnj;پردازد.</p><img src=\"http://localhost:4000/public/extraFiles/1753282980241.png\"\r\n        alt=\"Top Notch Fundamentals A\" />\r\n    <p>زبان&zwnj;آموز با مطالعه این کتاب برای ورود به سطح بعدی آماده می&zwnj;شود و شامل درس&zwnj;های &rlm;&rlm;۱ تا ۷ از\r\n        سطح Beginner است.&rlm; همه متن&zwnj;های کتاب متناسب با سطح مقدماتی و به منظور افزایش دایره واژگان طراحی\r\n        شده&zwnj;اند. همچنین، در این سطح آموزش تصویری مکالمه &zwnj;محور ارائه شده است.</p>\r\n    <p>ویرایش سوم سطح اول کتاب تاپ ناچ، موضوعاتی متنوع برای پیشرفت سریع مهارت&zwnj;های زبان انگلیسی بزرگسالان دارد.\r\n        سرفصل&zwnj;های کتاب، موضوعات اسامی و مشاغل، روابط، روش آدرس دادن، اعضای خانواده، رویدادها و زمان&zwnj;ها، لباس،\r\n        پوشاک و فعالیت ها را پوشش می&zwnj;دهد.</p>\r\n    <p>دومین کتاب از این مجموعه،&nbsp;<strong>کتاب Top Notch Fundamentals B</strong>&nbsp;است که درس&zwnj;های ۸ تا ۱۴\r\n        سطح مقدماتی را آموزش می&zwnj;دهد.</p><img src=\"http://localhost:4000/public/extraFiles/1753282984176.png\"\r\n        alt=\"Top Notch Fundamentals B\" />\r\n    <p>نکات دستوری این کتاب شامل &rlm;There is&rlm; و &rlm;There are، زمان حال ساده و &rlm;Where&rlm; است.&rlm;\r\n        سرفصل&zwnj;های این سطح هم شامل خانه و همسایگی، فعالیت&zwnj;ها و برنامه&zwnj;ها، غذاها، حوادث گذشته، ظاهر و\r\n        سلامتی، توانایی&zwnj;ها و برنامه&zwnj;های زندگی است.</p>\r\n    <p>در انتهای کتاب قسمتی با عنوان Workbook وجود دارد که مطالب و تمرین&zwnj;های متعددی را برای تکرار و تمرین زبان\r\n        آموزان قرار داده است.</p>\r\n    <h2 id=\"h2_3\">سطح کتاب&zwnj;های قرمز تاپ ناچ (کتاب تاپ ناچ ۱)&rlm;</h2>\r\n    <p>پس از کتاب&zwnj;های آبی، کتاب&zwnj;های قرمز تاپ ناچ تدریس می&zwnj;شود که شامل بخش&zwnj;های یک تا پنج در کتاب A و\r\n        ۶ تا ۱۰ در کتاب B از سطح مبتدی است. تمرکز اصلی کتاب &rlm;Top Notch 1&lrm;&rlm; بر روی افزایش قدرت مکالمه و مهارت\r\n        شنیداری &rlm;است و مکالمات آن همگی در سطح مبتدی و ساده هستند.&rlm;</p>\r\n    <p>گرامرهای آموزش داده شده در کتاب قبلی، مجدداً در این سطح کتاب تاپ ناچ تکرار می&zwnj;شود تا زبان&zwnj;آموزان\r\n        آن&zwnj;ها را به&zwnj;طور کامل درک کنند. تمرین&zwnj;های موجود در کتاب، ذهن زبان&zwnj;آموزان را منسجم می&zwnj;کند\r\n        تا بتوانند برای ارتباط با دیگران و موقعیت&zwnj;های روزمره از نکات آموزشی استفاده کنند.</p>\r\n    <h3 id=\"h3_1\">بررسی سطح&nbsp;کتاب&nbsp;Top Notch 1A</h3>\r\n    <p>همان&zwnj;گونه که قبلاً ذکر شد در لول بندی کتاب&zwnj;های تاپ ناچ، سطح A و B ارائه شده که در سطح A از این کتاب ۵\r\n        درس کاربردی وجود دارد و هرکدام به آموزش یک موضوع خاص می&zwnj;پردازد.</p>\r\n    <p>در بخش Pronunciation Table&nbsp;<strong>کتاب Top Notch 1A</strong>، زبان&zwnj;آموزان با حروف صدادار و بی&zwnj;صدا\r\n        در جدول&zwnj;های تفکیک شده آشنا می&zwnj;شوند.</p><img\r\n        src=\"http://localhost:4000/public/extraFiles/1753282949057.png\" alt=\"Top Notch 1 A\" />\r\n    <p><strong>مکالمات سطح A شامل این موضوعات است:</strong></p>\r\n    <ul>\r\n        <li>احوال&zwnj;پرسی، معرفی و آشنا شدن</li>\r\n        <li>بیرون رفتن</li>\r\n        <li>خانواده</li>\r\n        <li>رستوران و غذا</li>\r\n        <li>پیشرفت تکنولوژی</li>\r\n    </ul>\r\n    <h3 id=\"h3_2\">بررسی سطح کتاب&nbsp;Top Notch 1B</h3>\r\n    <p><strong>کتاب Top Notch 1B</strong>&nbsp;زبان&zwnj;آموز را تا سطح متوسط ارتقا می&zwnj;دهد و پس از این سطح کتاب تاپ\r\n        ناچ، روند متفاوت و دشوارتری برای سطوح مجموعه در نظر گرفته شده است. همچنین، جملاتی در کتاب وجود دارد که بر اساس\r\n        مباحث متنوع، ذهن زبان&zwnj;آموزان را در موقعیت&zwnj;های واقعی زندگی روزمره قرار می&zwnj;دهد تا بتوانند از\r\n        آن&zwnj;ها برای ارتباط مؤثر استفاده کنند.</p><img\r\n        src=\"http://localhost:4000/public/extraFiles/1753282955920.png\" alt=\"Top Notch 1 B\" />\r\n    <p><strong>مباحث کتاب این موارد را پوشش می&zwnj;دهد:</strong></p>\r\n    <ul>\r\n        <li>وزن ایده&zwnj;ال</li>\r\n        <li>تعطیلات</li>\r\n        <li>خرید و پوشاک</li>\r\n        <li>حمل و نقل</li>\r\n        <li>خرج کردن پول</li>\r\n    </ul>\r\n    <h2 id=\"h2_4\">سطح کتاب&zwnj;های سبز تاپ ناچ (کتاب تاپ ناچ ۲)&rlm;</h2>\r\n    <p>کتاب تاپ ناچ ۲ برای تقویت هم&zwnj;زمان هر ۴ مهارت اصلی طراحی شده است.&nbsp;<strong>کتاب Top Notch\r\n            2A</strong>&nbsp;که برای بزرگسالان طراحی شده هر آن&zwnj;چه که زبان&zwnj;آموزان برای مکالمه و تعامل کلامی\r\n        مناسب نیاز دارند را فراهم کرده است.</p><img src=\"http://localhost:4000/public/extraFiles/1753282962173.png\"\r\n        alt=\"Top Notch 2 A\" />\r\n    <p>موضوعات تحت پوشش این سطح کتاب تاپ ناچ، روابط اجتماعی، سینما و نقش آن در زندگی، شرایط اقامت در هتل، رانندگی و\r\n        اتومبیل و مراقبت&zwnj;های شخصی است. هر یک از ۵ درس کتاب، به شکل گسترده&zwnj;ای موضوعات مطرح شده را شرح\r\n        می&zwnj;دهند و با هدف به&zwnj;کارگیری آن&zwnj;ها در موقعیت&zwnj;های روزمره در جدول&zwnj;های متنوع آموزش\r\n        می&zwnj;دهند.</p>\r\n    <p><strong>کتاب Top Notch 2B</strong>&nbsp;هم به&zwnj;طور کلی مطالبی را ارائه می&zwnj;دهد که تدریس آن&zwnj;ها هم\r\n        برای مدرسان و هم زبان&zwnj;آموزان آسان باشد و زبان&zwnj;آموزان را به سطح پیشرفته می&zwnj;رساند.</p><img\r\n        src=\"http://localhost:4000/public/extraFiles/1753282967097.png\" alt=\"Top Notch 2 B\" />\r\n    <p>این کتاب که ششمین جلد در لول بندی کتاب تاپ ناچ است، قسمت&zwnj;های Communication Goals، Vocabulary, Grammar,\r\n        Conversation Strategies, Listening and Pronunciation و Reading and Writing را پوشش می&zwnj;دهد.</p>\r\n    <p>کاربرد موضوعات Concrete به زبان&zwnj;آموزان کمک می&zwnj;کند تا راحت&zwnj;تر بتوانند با مطالب، ارتباط\r\n        نزدیک&zwnj;تر و بهتری برقرار و در تعامل با دیگران با اعتماد به نفس بیشتری عمل کنند. گرامر این &rlm;سطح هم شامل\r\n        حال کامل، &rlm;&lrm;use to&rlm;، &rlm;have to، &rlm;must، &rlm;could، گذشته استمراری، اسامی قابل &rlm;شمارش و\r\n        غیر قابل شمارش است.</p>\r\n    <h2 id=\"h2_5\">سطح کتاب&zwnj;های بنفش تاپ ناچ (کتاب تاپ ناچ ۳)&rlm;</h2>\r\n    <p>Top Notch 3 آخرین سطح مجموعه کتاب &rlm;Top Notch است که در دو کتاب A و B به آموزش جنرال زبان انگلیسی\r\n        می&zwnj;پردازد. همه واژگان و متن&zwnj;ها در سطح &rlm;بالاتری قرار دارند و زبان&zwnj;آموزان پس از گذراندن این\r\n        دوره، می&zwnj;توانند مکالمات طولانی&zwnj;تر و پیچیده&zwnj;تری داشته باشند. گرامر این سطح هم &rlm;Adjective\r\n        clauses، &rlm;could have&rlm; و &rlm;would have&rlm; و &rlm;انواع زمان&zwnj;ها را پوشش می&zwnj;دهد.</p>\r\n    <h3 id=\"h3_3\">بررسی سطح کتاب Top Notch 3A</h3>\r\n    <p>در لول بندی کتاب تاپ ناچ،&nbsp;<strong>کتاب Top Notch 3A</strong>&nbsp;علاوه&zwnj;بر تقویت هر ۴ مهارت انگلیسی،\r\n        تسلط و شیوایی کلام زبان&zwnj;آموز هم به شکل گسترده&zwnj;ای ارتقا پیدا می&zwnj;کند، به&zwnj;گونه&zwnj;ای که\r\n        قادرند به زبان انگلیسی در موقعیت&zwnj;های شغلی خود بسیار موفق&zwnj;تر از قبل عمل کنند.</p><img\r\n        src=\"http://localhost:4000/public/extraFiles/1753282971551.png\" alt=\"Top Notch 3 A\" />\r\n    <p><strong>کتاب Top Notch 3A شامل سرفصل&zwnj;های زیر است:</strong></p>\r\n    <ul>\r\n        <li>مکالمات کوتاه متنوع با افراد گوناگون</li>\r\n        <li>سلامتی و اهمیت آن</li>\r\n        <li>مطالعه هدفمند</li>\r\n        <li>انجام کارهای شخصی و گروهی</li>\r\n        <li>راهکارهای مقابله با حوادث و بلایای طبیعی</li>\r\n    </ul>\r\n    <h3 id=\"h3_4\">بررسی سطح کتاب Top Notch 3B</h3>\r\n    <p>در سطح&zwnj;بندی کتاب&zwnj;های تاپ ناچ، آخرین کتاب،&nbsp;<strong>کتاب&nbsp;Top Notch 3B</strong>&nbsp;است که برای\r\n        پرورش زبان آموزان برای رسیدن به سطوح بالاتر طراحی شده است.</p><img\r\n        src=\"http://localhost:4000/public/extraFiles/1753282976388.png\" alt=\"Top Notch 3 B\" />\r\n    <p>موضوعات تحت پوشش این کتاب شامل برنامه&zwnj;های زندگی، تعطیلات و سنت&zwnj;ها، اختراعات، مسائل بحث برانگیز و دنیای\r\n        زیبا است. در انتهای هر فصل از کتاب، نکاتی مربوط به نگارش متون وجود دارد که زبان&zwnj;آموزان با نحوه نگارش در\r\n        زبان انگلیسی و قوانین آن آشنا می&zwnj;شوند. همچنین زبان&zwnj;آموزان با گذراندن این دوره از نظر دانش کلمات و\r\n        گرامر بسیار غنی می&zwnj;شوند و در تمام موقعیت&zwnj;ها و موضوعات، بسیار خلاقانه صحبت می&zwnj;کنند. پس از گذراندن\r\n        همه دوره&zwnj;های تاپ ناچ، زبان&zwnj;آموزان دو&nbsp;<strong>کتاب Summit</strong>&nbsp;را می&zwnj;خوانند و از سطح\r\n        B2 به C1 می&zwnj;رسند.</p><br /><br />\r\n    <p><strong>کلام آخر</strong></p>\r\n    <p>کتاب&zwnj;های تاپ ناچ&nbsp;از دسته آموزشی&nbsp;<strong>کتاب&nbsp;زبان انگلیسی</strong>&nbsp;هستند و\r\n        زبان&zwnj;آموز را از سطح &rlm;beginner&rlm; تا سطح بالای متوسط می&zwnj;رسانند. در این مقاله از ا<strong>نتشارات\r\n            جنگل</strong>&nbsp;سطح&zwnj;بندی کتاب&zwnj;های تاپ ناچ را بررسی کردیم و مشخصات هر کدام از آن&zwnj;ها را\r\n        جداگانه بیان نمودیم.&nbsp;امیدواریم که خواندن این مقاله، راهنمایی برای شما در&nbsp;<strong>یادگیری زبان\r\n            انگلیسی</strong>&nbsp;باشد.</p>', '20 تا 30', 'پیشرفته', 'http://localhost:4000/public/images/1752733350404.png', 'top-notch', '[\"<a href=\\\"#h2_1\\\">هدف کتاب های Top Notchچیست؟</a>\",\"<a href=\\\"#h2_2\\\">سطح کتاب‌های آبی تاپ ناچ (تاپ ناچ ‏fundamentals‏)‏</a>\",\"<a href=\\\"#h2_3\\\">سطح کتاب‌های قرمز تاپ ناچ (کتاب تاپ ناچ ۱)‏</a>\",\"<a href=\\\"#h3_1\\\">بررسی سطح کتاب Top Notch 1A</a>\",\"<a href=\\\"#h3_2\\\">بررسی سطح کتاب Top Notch 1B</a>\",\"<a href=\\\"#h2_4\\\">سطح کتاب‌های سبز تاپ ناچ (کتاب تاپ ناچ ۲)‏</a>\",\"<a href=\\\"#h2_5\\\">سطح کتاب‌های بنفش تاپ ناچ (کتاب تاپ ناچ ۳)‏</a>\",\"<a href=\\\"#h3_3\\\">بررسی سطح کتاب Top Notch 3A</a>\",\"<a href=\\\"#h3_4\\\">بررسی سطح کتاب Top Notch 3B</a>\"]', '2025-07-17 06:22:30', '2025-07-23 15:20:28', 0);
INSERT INTO `books` VALUES (6, 'grammar in use', 'اگر دنبال روشی برای تمرین خودآموز زبان انگلیسی در سطوح متوسط تا پیشرفته هستید، کتاب English Grammar in Use برای شما است!\\r\\n\\r\\nاین کتاب که توسط ریموند مورفی (Raymond Murphy) نوشته و توسط انتشارات دانشگاه کمبریج منتشر شده است، دستورزبان انگلیسی را در ساختاری سیستماتیک و همراه با تمرین‌های گوناگون و متعدد، به شما آموزش می‌دهد.\\r\\n\\r\\nکتاب grammar in use ، پرفروش‌ترین کتاب آموزش دستورزبان انگلیسی در جهان است و نسخه‌های ترجمه‌شدۀ زیادی به بسیاری از زبان‌‌ها دارد. ساختار بسیار واضح این کتاب و افزایش گام‌به‌گام سطح دشواری درس‌های آن، یادگیری زبان انگلیسی را به اندازۀ یک آب خوردن ساده می‌کند!', '<h2 id=\"h2_1\">معرفی کتاب&zwnj;های English Grammar in Use</h2>\r\n    <p>مجموعه کتاب&zwnj;های&nbsp;<strong>گرامر این یوز</strong>، به عنوان بهترین منابع یادگیری دستورزبان انگلیسی شناخته\r\n        می&zwnj;شوند؛ به&zwnj;طوری که نه&zwnj;تنها زبان&zwnj;آموزان، بلکه معلم&zwnj;های زبان نیز از آن برای آموزش و\r\n        انجام تمرین&zwnj;های تقویتی در کلاس استفاده می&zwnj;کنند. اگر می&zwnj;خواهید که در آزمون&zwnj;های\r\n        بین&zwnj;المللی زبان مثل تافل ((TOEFL و آیلتس (IELTS) شرکت کنید، درس&zwnj;های این کتاب و تمرینات آن، به دردتان\r\n        می&zwnj;خورد.</p>\r\n    <p>ریموند مورفی، این کتاب را در سه نسخۀ مبتدی (Beginner)، مقدماتی (Advanced) و پیشرفته (Elementary) تدوین کرده است.\r\n        برای دسترسی به تمرینات بیشتر، شما می&zwnj;توانید هر یک از این کتاب&zwnj;ها را همراه با یک کتاب تمرین و CD تهیه\r\n        کنید تا با بازی&zwnj;های تعاملی و نمونه&zwnj;های آموزشی بیشتر، میزان یادگیری و دانش خود را ارزیابی کنید.</p>\r\n    <p>کتاب&zwnj;ها بر اساس سادگی یا پیچیدگی درس&zwnj;ها، به واحدهایی دوصفحه&zwnj;ای تقسیم شده&zwnj;اند. نکات آموزشی\r\n        مربوط به یک درس، در صفحۀ چپ نوشته شده است و صفحۀ راست، تمرین&zwnj;هایی دارد که با حلّ آن&zwnj;ها می&zwnj;توانید\r\n        توانایی خود را محک بزنید. واحدهای کتاب از مباحث اولیه شروع می&zwnj;شوند و کم&zwnj;کم به مباحث پیشرفته&zwnj;تر\r\n        می&zwnj;رسند.</p>\r\n    <p>در انتهای هر کتاب، تعدادی تمرین و یک راهنمای مطالعه قرار دارد. پس از اینکه تمرین&zwnj;ها را انجام دادید،\r\n        می&zwnj;توانید پاسخ آن&zwnj;ها را بررسی کنید و ببینید که در چه مبحثی ضعیف&zwnj;تر هستید و باید وقت بیشتری به\r\n        یادگیری آن اختصاص دهید.</p>\r\n    <h3 id=\"h3-1\">کتاب Basic Grammar In Use؛ برای مبتدی&zwnj;ها:</h3>\r\n    <ul>\r\n        <li><strong>برای زبان&zwnj;آموزان\r\n                سطح&zwnj;های</strong>&nbsp;<strong>A1</strong>&nbsp;<strong>تا</strong>&nbsp;<strong>B1</strong></li>\r\n        <li><strong>متشکل از 113 درس کوتاه</strong></li>\r\n        <li><strong>پاسخنامه: دارد</strong></li>\r\n        <li><strong>CD</strong>&nbsp;<strong>: دارد</strong></li>\r\n    </ul>\r\n    <img src=\"http://localhost:4000/public/extraFiles/1753282645769.png\" alt=\"basic grammar in use\" />\r\n    <p>اگر هنوز در مباحث اولیۀ گرامر زبان انگلیسی مشکل دارید، بهتر است که قبل از نسخه&zwnj;های دیگر کتاب Grammar in use،\r\n        ویرایش چهارم نسخۀ Basic آن را خریداری کنید.</p>\r\n    <h3 id=\"h3_2\">سرفصل&zwnj;های کتاب Basic Grammar in use:</h3>\r\n    <ul>\r\n        <li><strong>Present</strong></li>\r\n        <li><strong>Past</strong></li>\r\n        <li><strong>Present perfect</strong></li>\r\n        <li><strong>Passive</strong></li>\r\n        <li><strong>Verb forms</strong></li>\r\n        <li><strong>Future</strong></li>\r\n        <li><strong>Modals, imperative, etc.</strong></li>\r\n        <li><strong>There and it</strong></li>\r\n        <li><strong>Auxiliary verbs</strong></li>\r\n        <li><strong>Questions</strong></li>\r\n        <li><strong>Reported speech</strong></li>\r\n        <li><strong>-ing and to</strong>&nbsp;<strong>&hellip;</strong></li>\r\n        <li><strong>Go, Get, Do, Make, and Have</strong></li>\r\n        <li><strong>Pronouns and possessives</strong></li>\r\n        <li><strong>A and the</strong></li>\r\n        <li><strong>Determiners and pronouns</strong></li>\r\n        <li><strong>Adjectives and adverbs</strong></li>\r\n        <li><strong>Word order</strong></li>\r\n        <li><strong>Conjunctions and clauses</strong></li>\r\n        <li><strong>Prepositions</strong></li>\r\n        <li><strong>Phrasal verbs</strong></li>\r\n        <li><strong>Appendixes</strong></li>\r\n        <li><strong>Additional Exercises</strong></li>\r\n        <li><strong>Study Guide</strong></li>\r\n        <li><strong>Answer Key to Exercises</strong></li>\r\n        <li><strong>Answer Key to Additional Exercises</strong></li>\r\n        <li><strong>Answer Key to Study Guide</strong></li>\r\n        <li><strong>Index</strong></li>\r\n    </ul>\r\n    <h3 id=\"h3_3\">کتاب English Grammar in Use Intermediate؛ ویرایش پنجم:</h3>\r\n    <ul>\r\n        <li><strong>مناسب برای زبان&zwnj;آموزان سطح</strong>&nbsp;<strong>B1-B2</strong></li>\r\n        <li><strong>متشکل از 145 درس با موضوعات گوناگون</strong></li>\r\n        <li><strong>پاسخنامه: دارد</strong></li>\r\n        <li><strong>CD</strong>&nbsp;<strong>: دارد</strong></li>\r\n    </ul>\r\n    <img src=\"http://localhost:4000/public/extraFiles/1753282649393.png\"\r\n        alt=\"grammar in use intermediate\" />\r\n    <p>کتاب American Grammar in use نیز یک کتاب خودآموز با توضیحات ساده و تمرینات فراوان است که با استفاده از آن\r\n        می&zwnj;توانید مهارت خود را در یادگیری گرامر انگلیسی تقویت کنید.</p>\r\n    <h3 id=\"h3_4\">سرفصل&zwnj;های کتاب English Grammar in Use Intermediate</h3>\r\n    <ul>\r\n        <li><strong>Present and Past</strong></li>\r\n        <li><strong>Present perfect and past</strong></li>\r\n        <li><strong>Future</strong></li>\r\n        <li><strong>Modals</strong></li>\r\n        <li><strong>If and wish</strong></li>\r\n        <li><strong>Passive</strong></li>\r\n        <li><strong>Reported Speech</strong></li>\r\n        <li><strong>Questions and auxiliary verbs</strong></li>\r\n        <li><strong>-ing and to</strong>&nbsp;<strong>&hellip;</strong></li>\r\n        <li><strong>Articles and nouns</strong></li>\r\n        <li><strong>Pronounce and determiners</strong></li>\r\n        <li><strong>Relative Caluses</strong></li>\r\n        <li><strong>Adjectives and adverbs</strong></li>\r\n        <li><strong>Conjunctions and prepositions</strong></li>\r\n        <li><strong>Prepositions</strong></li>\r\n        <li><strong>Phrasal verbs</strong></li>\r\n        <li><strong>Appendixes</strong></li>\r\n        <li><strong>Additional exercises</strong></li>\r\n        <li><strong>Study guide</strong></li>\r\n        <li><strong>Key to exercises</strong></li>\r\n        <li><strong>Key to additional exercises</strong></li>\r\n        <li><strong>Key to study guide</strong></li>\r\n        <li><strong>Index</strong></li>\r\n    </ul>\r\n    <h2 id=\"h2_2\">کتاب Advanced Grammar in Use؛ برای متقاضیان آزمون&zwnj;های تافل و آیلتس</h2>\r\n    <ul>\r\n        <li><strong>مناسب برای زبان&zwnj;آموزان سطح</strong>&nbsp;<strong>C1-C2</strong></li>\r\n        <li><strong>متشکل از 100 درس متنوع و جذاب</strong></li>\r\n        <li><strong>پاسخنامه: دارد</strong></li>\r\n        <li><strong>CD</strong>&nbsp;<strong>: دارد</strong></li>\r\n    </ul><img src=\"http://localhost:4000/public/extraFiles/1753282641357.png\"\r\n        alt=\"advance grammar in use\" />\r\n    <p>معمولاً کسانی از این کتاب استفاده می&zwnj;کنند که قصد دارند در آزمون&zwnj;های اختصاصی و بین&zwnj;المللی زبان شرکت\r\n        کنند. به آخرین نسخۀ گرامر این یوز ادونس که برخلاف نسخه&zwnj;های قبلی آن، همراه با یک CD حاوی فایل صوتی ارائه\r\n        می&zwnj;شود، 8 درس و 100 صفحۀ جدید اضافه شده است.</p>\r\n    <h3 id=\"h3_5\">سرفصل&zwnj;های کتاب Advanced Grammar in Use:</h3>\r\n    <ul>\r\n        <li><strong>Tenses</strong></li>\r\n        <li><strong>The future</strong></li>\r\n        <li><strong>Modals and semi-modals</strong></li>\r\n        <li><strong>Linking verbs, passives, questions</strong></li>\r\n        <li><strong>Verb complementation: what follows verbs</strong></li>\r\n        <li><strong>Reporting</strong></li>\r\n        <li><strong>Nouns</strong></li>\r\n        <li><strong>Articles, determiners and qunatifiers</strong></li>\r\n        <li><strong>Relative Clauses and other types of clause</strong></li>\r\n        <li><strong>Pronouns, Substitution and leaving out words</strong></li>\r\n        <li><strong>Adjectives and adverbs</strong></li>\r\n        <li><strong>Adverbial clauses and conjunctions</strong></li>\r\n        <li><strong>Prepositions</strong></li>\r\n        <li><strong>Organising information</strong></li>\r\n        <li><strong>Appendixes</strong></li>\r\n        <li><strong>Glossary</strong></li>\r\n        <li><strong>Study planner</strong></li>\r\n        <li><strong>Grammar reminder</strong></li>\r\n        <li><strong>Additional exercises</strong></li>\r\n        <li><strong>Key to Excersies</strong></li>\r\n        <li><strong>Key to Study planner</strong></li>\r\n        <li><strong>Key to Additional exercises</strong></li>\r\n        <li><strong>Index of grammatical items</strong></li>\r\n        <li><strong>Index of lexical items</strong></li>\r\n    </ul>\r\n    <h2 id=\"h2_3\">چگونه کتاب English Grammar in use را مطالعه کنیم؟</h2>\r\n    <p>برای خرید کتاب مجموعه کتاب&zwnj;های گرامر این یوز، باید یک نکتۀ مهم را در نظر بگیرید:</p>\r\n    <p>کتاب&zwnj;های English Grammar in Use، روی یادگیری گرامر انگلیسی با لهجۀ بریتیش تمرکز دارند؛ اگر می&zwnj;خواهید که\r\n        دستورزبان را با لهجۀ آمریکایی یاد بگیرید، بهتر است که به فکر خرید نسخۀ Grammar in Use باشید.</p>\r\n    <p>پس از اینکه سرفصل&zwnj;های هر نسخه از این مجموعه را بررسی کردید و مناسب&zwnj;ترین کتاب برای سطح خود را خریدید،\r\n        برای مطالعۀ آن بهتر است که مطابق با شیوۀ زیر پیش بروید:</p>\r\n    <p>در ابتدا، باید بدانید که لازم نیست همۀ مباحث کتاب را به&zwnj;ترتیب پیش ببرید. پیشنهاد می&zwnj;کنیم که از فهرست\r\n        مطالب، مباحثی که قواعدش را نمی&zwnj;دانید و بیشتر در آن مشکل دارید را انتخاب کنید و پس از مطالعۀ دروس هرکدام،\r\n        تمرین&zwnj;های مربوط به آن&zwnj;ها را انجام دهید. خوشبختانه در انتهای کتاب، یک راهنمای مطالعه وجود دارد که\r\n        می&zwnj;توانید از آن برای پیش&zwnj;بردن درس&zwnj;های خود استفاده کنید.</p>\r\n    <h2>چگونه از کتاب&zwnj;های English Grammar in Use برای تدریس استفاده کنیم؟</h2>\r\n    <p>به&zwnj;طور کلی، توصیه نمی&zwnj;شود که دبیران زبان انگلیسی برای تدریس گرامر فقط به کتاب English Grammar in Use\r\n        تکیه کنند. در واقع گرامر این یوز، بیشتر می&zwnj;تواند به عنوان یک منبع تکمیلی برای آموزش دستورزبان استفاده شود.\r\n    </p>\r\n    <p>ببینید که دانش&zwnj;آموزانتان در چه مباحثی مشکل دارند و لازم است که تمرینات بیشتری برای یادگیری آن حل کنند؛ سپس\r\n        از آن&zwnj;ها بخواهید که تمرین&zwnj;های مربوط به آن بخش را در خانه یا کلاس انجام دهند. با بررسی پاسخنامۀ\r\n        دانش&zwnj;آموزان و مراجعه به بخش راهنمای مطالعۀ کتاب English Grammar in Use، ببینید که دانش دستورزبان آن&zwnj;ها\r\n        در چه سطحی قرار دارد.</p>\r\n    <h3>سخن پایانی</h3>\r\n    <p>اگر می&zwnj;خواهید که به خوبی انگلیسی&zwnj;زبان&zwnj;های بومی (Native Speakers) صحبت کنید، باید گرامر بدانید.\r\n        منابع زیادی برای یادگیری دستورزبان انگلیسی وجود دارد که می&zwnj;توانید بسته به ترجیح و هدف خود، یکی از\r\n        آن&zwnj;ها را انتخاب کنید و مطابق با درس&zwnj;های آن پیش بروید.</p>\r\n    <p>مجموعۀ English Grammar in Use که توسط انتشارات کمبریج، یکی از معتبرترین انتشارات کتاب&zwnj;های آموزش زبان انگلیسی\r\n        در جهان، چاپ شده است، از بهترین منابع یادگیری گرامر است که هم زبان&zwnj;آموزان و هم معلم&zwnj;های زبان از آن\r\n        استفاده می&zwnj;کنند.</p>\r\n    <p>توجه کنید که این کتاب&zwnj;ها بیشر روی یک جنبه از یادگیری زبان تمرکز دارند و آن هم دستورزبان است؛ بنابراین اگر به\r\n        فکر تقویت مهارت&zwnj;هایی مثل Writing و Speaking خود هستید، می&zwnj;توانید از اپلیکیشن زبان&zwnj;شناس و\r\n        دوره&zwnj;های آموزشی ما استفاده کنید.</p>', '20 تا 30', 'متوسط', 'http://localhost:4000/public/images/1753173408980.jpg', 'grammar-in-use', '[\"<a href=\\\"#h2_1\\\">معرفی کتاب‌های English Grammar in Use</a>\",\"<a href=\\\"#h3_1\\\">کتاب Basic Grammar In Use؛ برای مبتدی‌ها</a>\",\"<a href=\\\"#h3_2\\\">سرفصل‌های کتاب Basic Grammar in use</a>\",\"<a href=\\\"#h3_3\\\">کتاب English Grammar in Use Intermediate؛ ویرایش پنجم</a>\",\"<a href=\\\"#h3_4\\\">سرفصل‌های کتاب English Grammar in Use Intermediate</a>\",\"<a href=\\\"#h2_2\\\">کتاب Advanced Grammar in Use؛ برای متقاضیان آزمون‌های تافل و آیلتس</a>\",\"<a href=\\\"#h3_5\\\">سرفصل‌های کتاب Advanced Grammar in Use</a>\",\"<a href=\\\"#h2_3\\\">چگونه کتاب English Grammar in use را مطالعه کنیم؟</a>\"]', '2025-07-17 06:27:24', '2025-07-23 16:02:41', 0);

-- ----------------------------
-- Table structure for comments
-- ----------------------------
DROP TABLE IF EXISTS `comments`;
CREATE TABLE `comments`  (
  `id` int UNSIGNED NOT NULL AUTO_INCREMENT,
  `content` text CHARACTER SET utf8mb4 COLLATE utf8mb4_0900_ai_ci NOT NULL,
  `isAccept` tinyint(1) NULL DEFAULT NULL,
  `score` tinyint NULL DEFAULT NULL,
  `created_at` datetime NOT NULL,
  `updated_at` datetime NOT NULL,
  `course_id` int UNSIGNED NOT NULL,
  `user_id` int UNSIGNED NOT NULL,
  `parent_id` int UNSIGNED NULL DEFAULT NULL,
  PRIMARY KEY (`id`) USING BTREE,
  INDEX `comments_course_id_foreign_idx`(`course_id` ASC) USING BTREE,
  INDEX `comments_user_id_foreign_idx`(`user_id` ASC) USING BTREE,
  INDEX `comments_parent_id_foreign_idx`(`parent_id` ASC) USING BTREE,
  CONSTRAINT `comments_course_id_foreign_idx` FOREIGN KEY (`course_id`) REFERENCES `courses` (`id`) ON DELETE RESTRICT ON UPDATE RESTRICT,
  CONSTRAINT `comments_parent_id_foreign_idx` FOREIGN KEY (`parent_id`) REFERENCES `comments` (`id`) ON DELETE CASCADE ON UPDATE RESTRICT,
  CONSTRAINT `comments_user_id_foreign_idx` FOREIGN KEY (`user_id`) REFERENCES `users` (`id`) ON DELETE RESTRICT ON UPDATE RESTRICT
) ENGINE = InnoDB AUTO_INCREMENT = 23 CHARACTER SET = utf8mb4 COLLATE = utf8mb4_0900_ai_ci ROW_FORMAT = Dynamic;

-- ----------------------------
-- Records of comments
-- ----------------------------
INSERT INTO `comments` VALUES (1, 'من که خوشم نیومد', 1, 1, '2025-07-17 13:42:12', '2025-07-20 14:02:03', 7, 3, NULL);
INSERT INTO `comments` VALUES (2, 'نظرتون محترمه ولی مهم نیست!', 1, NULL, '2025-07-17 14:23:57', '2025-07-17 14:23:57', 7, 1, 1);
INSERT INTO `comments` VALUES (3, 'سلام. دوره کی به اتمام می رسه؟', 1, 4, '2025-07-29 13:14:31', '2025-07-29 13:43:20', 8, 5, NULL);
INSERT INTO `comments` VALUES (4, 'سلام. ضمن عرض تشکر از دوره خوبتون، دوره کی آپدیت میشه؟', 1, 5, '2025-07-29 13:17:54', '2025-07-29 13:43:22', 7, 6, NULL);
INSERT INTO `comments` VALUES (5, 'سلام. لطفا دوره برای fundamentals b هم بزارید.', 1, 4, '2025-07-29 13:18:55', '2025-07-29 13:44:06', 3, 6, NULL);
INSERT INTO `comments` VALUES (6, 'سلام. این دوره برای کودکان تا چند سال هستش؟', 1, 5, '2025-07-29 13:20:04', '2025-07-29 13:44:13', 4, 5, NULL);
INSERT INTO `comments` VALUES (7, 'سلام. به نظرم دوره کامل نیست. خیلی از مباحث مهم درونش گفته نشده.', 1, 3, '2025-07-29 13:26:12', '2025-07-29 13:47:01', 5, 7, NULL);
INSERT INTO `comments` VALUES (8, 'سلام. بی صبرانه منتظر دوره intermediate هم هستم.', 1, 5, '2025-07-29 13:27:06', '2025-07-29 13:48:34', 6, 7, NULL);
INSERT INTO `comments` VALUES (9, 'خیلی خوبه فقط ای کاش دوره رو سریع تر پیش ببرید.', 1, 5, '2025-07-29 13:28:23', '2025-07-29 13:48:41', 8, 7, NULL);
INSERT INTO `comments` VALUES (10, 'سلام. من خیلی انگیزه داشتم ولی اینقدر این دوره رو مدرس سخت تدریس کردند که من کلا نا امید شدم.', 1, 4, '2025-07-29 13:33:37', '2025-07-29 13:49:36', 3, 8, NULL);
INSERT INTO `comments` VALUES (11, 'سلام و درود. دوره تا آخر بهمن، کامل خواهد شد.', 1, NULL, '2025-07-29 13:42:03', '2025-07-29 13:42:03', 8, 1, 3);
INSERT INTO `comments` VALUES (12, 'دوره ها نیازی به آپدیت ندارند. چون یک کتاب خاص هستند که تغییری نمی کنند. برا همین شما همیشه می توانید از این دوره ها استفاده کنید.', 1, NULL, '2025-07-29 13:43:11', '2025-07-29 13:43:11', 7, 1, 4);
INSERT INTO `comments` VALUES (13, 'سلام. چشم، حتما', 1, NULL, '2025-07-29 13:43:57', '2025-07-29 13:43:57', 3, 1, 5);
INSERT INTO `comments` VALUES (14, 'با توجه به اینکه دوره خیلی موضوعات ابتدایی رو داره و سبک هتسش، برای کودکان حدود ده سال، عالیه', 1, NULL, '2025-07-29 13:45:11', '2025-07-29 13:45:11', 4, 1, 6);
INSERT INTO `comments` VALUES (15, 'سلام. دوره ها بر اساس محتوای کتاب تدریس شده اند. مباحث مختلف با توجه به سطح کنونی دانشجو، در سطح های مختلف کتاب، گنجانده شده اند.', 1, NULL, '2025-07-29 13:46:57', '2025-07-29 13:46:57', 5, 1, 7);
INSERT INTO `comments` VALUES (16, 'سلام. حتما. پس از اتمام این دوره، برای بخش fundamental B و سپس برای کتاب های دیگه top notch هم دوره ساخته خواهد شد.', 1, NULL, '2025-07-29 13:48:28', '2025-07-29 13:48:28', 6, 1, 8);
INSERT INTO `comments` VALUES (17, 'حتما. تمام تلاشمان را برای سریع تر پیش رفتن دوره خواهیم کرد.', 1, NULL, '2025-07-29 13:49:27', '2025-07-29 13:49:27', 8, 1, 9);
INSERT INTO `comments` VALUES (18, 'سلام. کتاب های top notch کلا کتاب های سطح بالا و پیشرفته ای هستند و برای افرادی که تازه می خواهند شروع کنند، خیلی پیشنهاد نمی شود. در عوض می توانید از دوره های با سطح مقدماتی تر مثل american english file استفاده کنید.', 1, NULL, '2025-07-29 13:52:06', '2025-07-29 13:52:06', 3, 1, 10);
INSERT INTO `comments` VALUES (19, 'کامنت تست از سمت postman', 1, 4, '2025-07-30 12:41:41', '2025-07-30 13:03:38', 3, 1, 2);
INSERT INTO `comments` VALUES (20, 'متن پاسخ', 1, NULL, '2025-07-30 13:17:26', '2025-07-30 13:17:26', 3, 1, 19);

-- ----------------------------
-- Table structure for contact
-- ----------------------------
DROP TABLE IF EXISTS `contact`;
CREATE TABLE `contact`  (
  `id` int UNSIGNED NOT NULL AUTO_INCREMENT,
  `user_id` int UNSIGNED NOT NULL,
  `email` varchar(255) CHARACTER SET utf8mb4 COLLATE utf8mb4_0900_ai_ci NOT NULL,
  `message` text CHARACTER SET utf8mb4 COLLATE utf8mb4_0900_ai_ci NOT NULL,
  `created_at` datetime NULL DEFAULT CURRENT_TIMESTAMP,
  `updated_at` datetime NULL DEFAULT CURRENT_TIMESTAMP,
  `seen` tinyint(1) NOT NULL DEFAULT 0,
  `answered` tinyint(1) NOT NULL DEFAULT 0,
  PRIMARY KEY (`id`) USING BTREE,
  INDEX `user_id`(`user_id` ASC) USING BTREE,
  CONSTRAINT `contact_ibfk_1` FOREIGN KEY (`user_id`) REFERENCES `users` (`id`) ON DELETE CASCADE ON UPDATE RESTRICT
) ENGINE = InnoDB AUTO_INCREMENT = 14 CHARACTER SET = utf8mb4 COLLATE = utf8mb4_0900_ai_ci ROW_FORMAT = Dynamic;

-- ----------------------------
-- Records of contact
-- ----------------------------
INSERT INTO `contact` VALUES (1, 3, 'mohsen.wsx@gmail.com', 'سلام. این یک پیغام تستی است.', '2025-07-17 13:36:02', '2025-07-17 13:36:33', 1, 1);
INSERT INTO `contact` VALUES (3, 3, 'mohsen.wsx@gmail.com', 'کامنت شماره 1', '2025-07-20 07:36:54', '2025-07-20 07:36:54', 0, 0);
INSERT INTO `contact` VALUES (4, 3, 'mohsen@gmail.com', 'کامنت شماره 2', '2025-07-20 07:37:09', '2025-07-20 07:37:09', 0, 0);
INSERT INTO `contact` VALUES (5, 3, 'mohsen.wsx@gmail.com', 'کامنت شماره 3', '2025-07-20 07:37:21', '2025-07-20 07:37:21', 0, 0);
INSERT INTO `contact` VALUES (6, 3, 'mohsen@gmail.com', 'کامنت شماره 4', '2025-07-20 07:37:31', '2025-07-20 07:37:31', 0, 0);
INSERT INTO `contact` VALUES (7, 3, 'mohsen.wsx@gmail.com', 'کامنت شماره 5', '2025-07-20 07:37:41', '2025-07-20 07:37:41', 0, 0);
INSERT INTO `contact` VALUES (8, 3, 'mohsen.1357908642@gmail.com', 'کامنت شماره 6', '2025-07-20 07:37:50', '2025-07-20 07:37:50', 0, 0);
INSERT INTO `contact` VALUES (9, 3, 'mohsen.wsx@gmail.com', 'کامنت شماره 7', '2025-07-20 07:37:58', '2025-07-20 07:37:58', 0, 0);
INSERT INTO `contact` VALUES (10, 3, 'mohsen.wsx@gmail.com', 'کامنت شماره 8', '2025-07-20 07:38:05', '2025-07-20 07:38:05', 0, 0);
INSERT INTO `contact` VALUES (11, 3, 'mohsen.wsx@gmail.com', 'کامنت شماره 9', '2025-07-20 07:38:11', '2025-07-20 07:38:11', 0, 0);
INSERT INTO `contact` VALUES (12, 3, 'mohsen@gmail.com', 'کامنت شماره 10', '2025-07-20 07:38:20', '2025-07-20 07:38:43', 1, 0);

-- ----------------------------
-- Table structure for courses
-- ----------------------------
DROP TABLE IF EXISTS `courses`;
CREATE TABLE `courses`  (
  `id` int UNSIGNED NOT NULL AUTO_INCREMENT,
  `name` varchar(255) CHARACTER SET utf8mb4 COLLATE utf8mb4_0900_ai_ci NOT NULL,
  `shortDescription` text CHARACTER SET utf8mb4 COLLATE utf8mb4_0900_ai_ci NOT NULL,
  `longDescription` text CHARACTER SET utf8mb4 COLLATE utf8mb4_0900_ai_ci NOT NULL,
  `cover` varchar(255) CHARACTER SET utf8mb4 COLLATE utf8mb4_0900_ai_ci NULL DEFAULT NULL,
  `introductionVideo` varchar(255) CHARACTER SET utf8mb4 COLLATE utf8mb4_0900_ai_ci NULL DEFAULT NULL,
  `off` tinyint NULL DEFAULT 0,
  `price` varchar(255) CHARACTER SET utf8mb4 COLLATE utf8mb4_0900_ai_ci NOT NULL,
  `isCompleted` tinyint(1) NOT NULL DEFAULT 0,
  `score` varchar(255) CHARACTER SET utf8mb4 COLLATE utf8mb4_0900_ai_ci NOT NULL DEFAULT '5',
  `slug` varchar(255) CHARACTER SET utf8mb4 COLLATE utf8mb4_0900_ai_ci NOT NULL,
  `book_file_group` varchar(255) CHARACTER SET utf8mb4 COLLATE utf8mb4_0900_ai_ci NOT NULL,
  `created_at` datetime NOT NULL,
  `updated_at` datetime NOT NULL,
  `book_collection_id` int UNSIGNED NOT NULL,
  `teacher` int UNSIGNED NOT NULL,
  `level_id` int UNSIGNED NOT NULL,
  `deleted_at` datetime NULL DEFAULT NULL,
  PRIMARY KEY (`id`) USING BTREE,
  UNIQUE INDEX `slug`(`slug` ASC) USING BTREE,
  INDEX `courses_book_collection_id_foreign_idx`(`book_collection_id` ASC) USING BTREE,
  INDEX `courses_teacher_foreign_idx`(`teacher` ASC) USING BTREE,
  INDEX `courses_level_id_foreign_idx`(`level_id` ASC) USING BTREE,
  CONSTRAINT `courses_book_collection_id_foreign_idx` FOREIGN KEY (`book_collection_id`) REFERENCES `books` (`id`) ON DELETE CASCADE ON UPDATE RESTRICT,
  CONSTRAINT `courses_level_id_foreign_idx` FOREIGN KEY (`level_id`) REFERENCES `levels` (`id`) ON DELETE RESTRICT ON UPDATE RESTRICT,
  CONSTRAINT `courses_teacher_foreign_idx` FOREIGN KEY (`teacher`) REFERENCES `users` (`id`) ON DELETE RESTRICT ON UPDATE RESTRICT
) ENGINE = InnoDB AUTO_INCREMENT = 9 CHARACTER SET = utf8mb4 COLLATE = utf8mb4_0900_ai_ci ROW_FORMAT = Dynamic;

-- ----------------------------
-- Records of courses
-- ----------------------------
INSERT INTO `courses` VALUES (3, 'top notch fundamentals A', 'دوره Top Notch Fundamental A نخستین سطح از مجموعه مشهور Top Notch است که توسط انتشارات Pearson منتشر شده و یکی از پرکاربردترین منابع آموزشی زبان انگلیسی در سراسر جهان به شمار می‌رود. این دوره مناسب زبان‌آموزانی است که سطح بسیار ابتدایی دارند و می‌خواهند به صورت حرفه‌ای و ساختارمند، مسیر یادگیری زبان را آغاز کنند.', '    <h2>مناسب برای چه کسانی است؟</h2>\r\n    <p> این دوره برای نوجوانان و بزرگسالانی طراحی شده است که سطح پایه (Pre-A1) دارند یا تازه با زبان انگلیسی آشنا\r\n        شده‌اند. زبان‌آموزانی که کمی انگلیسی می‌دانند ولی نیاز به ساختار آموزشی منظم دارند نیز می‌توانند از این سطح شروع\r\n        کنند. </p>\r\n    <h2>اهداف دوره</h2>\r\n    <p> هدف اصلی این دوره، آماده‌سازی زبان‌آموز برای ورود به سطوح اصلی Top Notch و ایجاد پایه‌ای قوی در مهارت‌های\r\n        چهارگانه (شنیدن، صحبت کردن، خواندن، نوشتن) همراه با تلفظ صحیح و گرامر ابتدایی است. </p>\r\n    <h2>محتوای آموزشی</h2>\r\n    <ul>\r\n        <li>مکالمات پایه در موقعیت‌های روزمره مثل معرفی خود، احوال‌پرسی، بیان احساسات، و صحبت درباره خانواده و شغل</li>\r\n        <li>گرامرهای ابتدایی مانند فعل to be، ضمایر فاعلی، افعال ساده، سوالات بله/خیر و wh- questions</li>\r\n        <li>واژگان اساسی در موضوعاتی مانند اعداد، کشورها، رنگ‌ها، اشیاء کلاس، اعضای خانواده، و زمان‌ها</li>\r\n        <li>تمرین‌های شنیداری با لهجه طبیعی و تمرکز بر درک مفهوم کلی</li>\r\n        <li>فعالیت‌های زوجی و گروهی برای تمرین مکالمه در کلاس</li>\r\n    </ul>\r\n    <h2>ویژگی‌های دوره</h2>\r\n    <ul>\r\n        <li>رویکرد ارتباطی (Communicative Approach) در آموزش زبان</li>\r\n        <li>استفاده از ویدیوها، فایل‌های صوتی و تصاویر برای درگیرسازی زبان‌آموز</li>\r\n        <li>دارای کتاب کار (Workbook) برای تمرین بیشتر در منزل</li>\r\n        <li>فعالیت‌های جفتی و نقش‌آفرینی برای تقویت مکالمه</li>\r\n        <li>ارزیابی منظم پیشرفت یادگیری در پایان هر درس و پایان ترم</li>\r\n    </ul>\r\n    <h2>نتایج مورد انتظار</h2>\r\n    <p> پس از گذراندن دوره Top Notch Fundamental A، زبان‌آموز قادر خواهد بود: </p>\r\n    <ul>\r\n        <li>مکالمات ساده و پایه را با اعتماد به نفس انجام دهد</li>\r\n        <li>ساختار جملات ابتدایی را درک و به کار ببرد</li>\r\n        <li>درک شنیداری بهتری نسبت به عبارات پرکاربرد پیدا کند</li>\r\n        <li>برای ورود به سطح Fundamental B آماده شود</li>\r\n    </ul>\r\n    <h2>پیش‌نیاز</h2>\r\n    <p> این دوره برای افراد مبتدی طراحی شده و هیچ پیش‌نیازی ندارد. مناسب برای زبان‌آموزانی است که تازه شروع به یادگیری\r\n        زبان کرده‌اند یا نیاز به مرور پایه دارند. </p>', 'http://localhost:4000/public/images/1753636530361.png', 'http://localhost:4000/public/introductionVideo/1___1753636855972___FA.mp4', 0, '450000', 0, '4.0000', 'top-notch-fundamentals-A', 'family and friends 3', '2025-07-03 08:24:46', '2025-07-31 09:37:20', 5, 1, 2, NULL);
INSERT INTO `courses` VALUES (4, 'family and friends 1', 'دوره Family and Friends 1 دومین سطح از مجموعه معتبر و جذاب Family and Friends است که توسط انتشارات Oxford University Press منتشر شده و به عنوان یکی از منابع اصلی آموزش زبان انگلیسی به کودکان شناخته می‌شود. این سطح پس از کتاب Starter قرار می‌گیرد و زبان‌آموزان را یک گام به تسلط بیشتر در زبان نزدیک می‌کند.', '<h2>مناسب برای چه کسانی است؟</h2>\r\n    <p> این دوره مناسب کودکان ۷ تا ۹ سال است که آشنایی مقدماتی با زبان انگلیسی دارند (مثلاً دوره Starter را گذرانده‌اند)\r\n        و آماده هستند تا دایره واژگان، ساختارهای گرامری و مهارت‌های ارتباطی خود را گسترش دهند. </p>\r\n    <h2>اهداف دوره</h2>\r\n    <p> این سطح با تمرکز بر توسعه مهارت‌های چهارگانه زبان (شنیدن، صحبت کردن، خواندن، نوشتن) و آموزش گرامر به روش\r\n        کودک‌پسند، تلاش می‌کند زبان‌آموز را در مسیر استفاده واقعی از زبان در موقعیت‌های روزمره قرار دهد. </p>\r\n    <h2>محتوای آموزشی</h2>\r\n    <ul>\r\n        <li>واژگان مربوط به خانواده، مدرسه، غذا، حیوانات، لباس‌ها، مشاغل و فعالیت‌های روزمره</li>\r\n        <li>گرامر ساده مانند افعال حال ساده، سوم شخص مفرد، صفات ملکی، سوالات ساده و منفی کردن جملات</li>\r\n        <li>مکالمات ساده در قالب دیالوگ‌ها و بازی‌های کلاسی</li>\r\n        <li>تمرین‌های شنیداری با تمرکز بر درک پیام اصلی</li>\r\n        <li>آشنایی با املای صحیح کلمات و تمرین‌های نوشتاری ساده</li>\r\n        <li>خواندن متن‌های کوتاه و جذاب کودکانه</li>\r\n    </ul>\r\n    <h2>ویژگی‌های دوره</h2>\r\n    <ul>\r\n        <li>کتاب رنگی با طراحی گرافیکی جذاب برای کودکان</li>\r\n        <li>پشتیبانی با فایل‌های صوتی و تصویری برای یادگیری شنیداری و دیداری</li>\r\n        <li>تمرین‌های قابل اجرا به صورت گروهی یا فردی</li>\r\n        <li>استفاده از بازی‌ها، شعرها و فعالیت‌های خلاقانه در فرآیند تدریس</li>\r\n        <li>همراهی با کتاب کار (Workbook) برای تمرین بیشتر در خانه</li>\r\n    </ul>\r\n    <h2>روش تدریس</h2>\r\n    <p> در این دوره از روش‌های آموزش تعاملی و کودک‌محور استفاده می‌شود. تدریس بر پایه مشارکت فعال کودک، استفاده از\r\n        تصاویر، داستان‌ها و موسیقی است تا یادگیری زبان به فرآیندی طبیعی و لذت‌بخش تبدیل شود. معلم در نقش راهنما و\r\n        تسهیل‌گر یادگیری عمل می‌کند و کودک با کشف، تکرار و تمرین مطالب را فرا می‌گیرد. </p>\r\n    <h2>نتایج مورد انتظار</h2>\r\n    <p> پس از اتمام دوره Family and Friends 1، زبان‌آموز قادر خواهد بود: </p>\r\n    <ul>\r\n        <li>جملات ساده و کاربردی را بیان کند</li>\r\n        <li>در مکالمات ابتدایی شرکت کند و پاسخ دهد</li>\r\n        <li>واژگان پرکاربرد روزمره را درک و به کار ببرد</li>\r\n        <li>متن‌های ساده را بخواند و بنویسد</li>\r\n        <li>آمادگی ورود به سطح بعدی یعنی Family and Friends 2 را داشته باشد</li>\r\n    </ul>\r\n    <h2>پیش‌نیاز</h2>\r\n    <p> برای شرکت در این دوره، آشنایی پایه با زبان انگلیسی (مثلاً گذراندن سطح Starter) توصیه می‌شود. در غیر این صورت، با\r\n        مشاوره مدرس می‌توان کودک را مستقیماً وارد این سطح کرد. </p>', 'http://localhost:4000/public/images/1752733818542.png', 'http://localhost:4000/public/introductionVideo/1___1752733818339___1.mp4', 0, '200000', 0, '5.0000', 'family-and-friends-1', '1', '2025-07-17 06:30:18', '2025-07-29 13:44:13', 3, 1, 1, NULL);
INSERT INTO `courses` VALUES (5, 'american english file 1', 'دوره American English File 1 اولین سطح اصلی از مجموعه موفق American English File است که توسط انتشارات معتبر Oxford University Press منتشر شده و به طور خاص برای آموزش زبان انگلیسی به بزرگسالان و نوجوانان طراحی شده است. این دوره به کمک متد آموزشی تعاملی، تمرکز ویژه‌ای بر مکالمه (Speaking) و تلفظ صحیح دارد و زبان‌آموز را برای استفاده عملی از زبان در دنیای واقعی آماده می‌کند.', '    <h2>مخاطبان دوره</h2>\r\n    <p> این دوره برای زبان‌آموزانی مناسب است که سطح پایه (Starter یا A1) را گذرانده‌اند و اکنون قصد دارند با ورود به سطح\r\n        <strong>A2</strong> دایره واژگان، ساختارهای گرامری، مهارت شنیداری و مهارت مکالمه خود را به‌طور جدی گسترش دهند.\r\n        دانش‌آموزان دبیرستان، دانشجویان، مهاجران و هر کسی که هدفش تقویت مهارت گفت‌وگوی واقعی به زبان انگلیسی است، از\r\n        مخاطبان این دوره هستند. </p>\r\n    <h2>اهداف دوره</h2>\r\n    <p> هدف اصلی این سطح، توانمندسازی زبان‌آموز در برقراری مکالمات ساده تا متوسط، درک متون و فایل‌های صوتی واقعی، و ساخت\r\n        جملات گرامری صحیح در شرایط روزمره است. همچنین آشنایی با تلفظ درست، لهجه آمریکایی و کاربرد زبان در بافت فرهنگی،\r\n        از دیگر اهداف این دوره هستند. </p>\r\n    <h2>محتوای آموزشی</h2>\r\n    <ul>\r\n        <li>موضوعاتی مانند معرفی، سرگرمی‌ها، خانواده، زمان روز، خرید، غذا، مکان‌ها و سفر</li>\r\n        <li>گرامرهایی مثل حال ساده و استمراری، گذشته ساده، افعال کمکی (can, must, should)، صفات و قیود پرکاربرد، سوالات\r\n            wh و yes/no</li>\r\n        <li>تلفظ صحیح با تمرکز بر ریتم، تکیه و آواهای زبان انگلیسی آمریکایی</li>\r\n        <li>تمرینات شنیداری با استفاده از مکالمات واقعی و داستان‌های جذاب</li>\r\n        <li>فعالیت‌های زوجی و گروهی برای تقویت مکالمه در کلاس</li>\r\n        <li>نوشتن ایمیل‌ها و متن‌های کوتاه کاربردی</li>\r\n    </ul>\r\n    <h2>ویژگی‌های دوره</h2>\r\n    <ul>\r\n        <li>تأکید بر مکالمه و ارتباط واقعی</li>\r\n        <li>استفاده از فایل‌های صوتی و تصویری همراه کتاب</li>\r\n        <li>برنامه منظم برای آموزش واژگان و گرامر در هر درس</li>\r\n        <li>پیشرفت تدریجی با مرور منظم و تمرین‌های هدفمند</li>\r\n        <li>فعال‌سازی زبان از طریق بازی، نقش‌آفرینی و فعالیت‌های کلاسی</li>\r\n    </ul>\r\n    <h2>نتایج مورد انتظار</h2>\r\n    <p> در پایان دوره American English File 1، زبان‌آموز قادر خواهد بود: </p>\r\n    <ul>\r\n        <li>در موقعیت‌های واقعی مثل رستوران، خرید، معرفی خود و درخواست کمک، به انگلیسی صحبت کند</li>\r\n        <li>گرامر و واژگان سطح A2 را به‌درستی درک و به کار ببرد</li>\r\n        <li>متون ساده روزنامه‌ای و ایمیل‌های کوتاه را بخواند و بنویسد</li>\r\n        <li>برای ورود به سطح بعدی (English File 2 یا سطح B1) آماده شود</li>\r\n    </ul>\r\n    <h2>پیش‌نیاز</h2>\r\n    <p> گذراندن سطح <strong>Starter</strong> یا آشنایی قبلی با مبانی زبان انگلیسی توصیه می‌شود. در صورت عدم اطمینان از\r\n        سطح زبان، امکان شرکت در آزمون تعیین سطح وجود دارد. </p>', 'http://localhost:4000/public/images/1752734051352.png', 'http://localhost:4000/public/introductionVideo/1___1752734051236___1.mp4', 0, '300000', 0, '3.0000', 'american-english-file-1', '1', '2025-07-17 06:34:11', '2025-07-29 13:47:01', 4, 1, 1, NULL);
INSERT INTO `courses` VALUES (6, 'basic grammar in use', 'دوره Basic Grammar in Use بر پایه کتابی از مجموعه پرفروش Grammar in Use است که توسط Raymond Murphy تألیف و توسط انتشارات Cambridge University Press منتشر شده است. این کتاب مخصوص زبان‌آموزان سطح پایه طراحی شده و یکی از بهترین منابع آموزش گرامر انگلیسی برای افرادی است که زبان انگلیسی را به‌عنوان زبان دوم می‌آموزند.', '<h2>مخاطبان دوره</h2>\r\n    <p> این دوره برای زبان‌آموزان مبتدی (سطح A1 تا A2) مناسب است. افرادی که می‌خواهند گرامر را از پایه و به صورت کاربردی\r\n        یاد بگیرند، دانش‌آموزان، دانشجویان و داوطلبان آزمون‌های زبان که در ابتدای مسیر یادگیری هستند، می‌توانند از این\r\n        دوره بهره‌مند شوند. </p>\r\n    <h2>اهداف دوره</h2>\r\n    <p> هدف این دوره، آموزش مفاهیم پایه گرامر انگلیسی به زبان ساده و قابل فهم است تا زبان‌آموز بتواند آن‌ها را در مکالمه\r\n        و نوشتار روزمره به کار بگیرد. تمرکز این دوره بر روی درک مفاهیم، کاربرد عملی و تمرین زیاد است. </p>\r\n    <h2>محتوای آموزشی</h2>\r\n    <ul>\r\n        <li>آشنایی با فعل to be و ساختارهای ابتدایی جمله</li>\r\n        <li>حال ساده و گذشته ساده</li>\r\n        <li>جملات منفی و پرسشی</li>\r\n        <li>افعال کمکی مانند can، must، should</li>\r\n        <li>ضمیرها، صفات، حروف اضافه مکان و زمان</li>\r\n        <li>ساختارهای کاربردی برای مکالمات روزمره</li>\r\n        <li>تمرین‌های هدفمند با پاسخ‌نامه</li>\r\n    </ul>\r\n    <h2>ویژگی‌های دوره</h2>\r\n    <ul>\r\n        <li>مطابق با ساختار رسمی کتاب Basic Grammar in Use</li>\r\n        <li>آموزش نکات گرامری با زبان ساده و قابل فهم</li>\r\n        <li>استفاده از مثال‌های واقعی و تمرین‌های متنوع</li>\r\n        <li>پیشرفت گام‌به‌گام از مفاهیم پایه به کاربرد عملی</li>\r\n        <li>بررسی و رفع اشکال منظم توسط مدرس</li>\r\n    </ul>\r\n    <h2>نتایج مورد انتظار</h2>\r\n    <p> در پایان این دوره، زبان‌آموز قادر خواهد بود: </p>\r\n    <ul>\r\n        <li>جملات ساده انگلیسی را به‌درستی بسازد</li>\r\n        <li>در مکالمات ابتدایی شرکت کند</li>\r\n        <li>ساختارهای پایه گرامر را در گفتار و نوشتار به‌درستی به کار ببرد</li>\r\n        <li>برای ورود به دوره‌های گرامر متوسط یا دوره‌های مکالمه آماده شود</li>\r\n    </ul>\r\n    <h2>پیش‌نیاز</h2>\r\n    <p> این دوره نیازی به پیش‌زمینه قبلی ندارد و برای افرادی که تازه شروع به یادگیری زبان انگلیسی کرده‌اند، مناسب است.\r\n    </p>', 'http://localhost:4000/public/images/1753635821566.png', 'http://localhost:4000/public/introductionVideo/1___1752734367572___advance.mp4', 0, '400000', 0, '5.0000', 'basic-grammar-in-use', 'dvsdcs', '2025-07-17 06:39:27', '2025-07-29 13:48:34', 6, 1, 2, NULL);
INSERT INTO `courses` VALUES (7, 'american english file 2', 'مجموعه american english file یکی از جامع‌ترین و محبوب‌ترین دوره‌های آموزش زبان انگلیسی در دنیاست که توسط انتشارات Oxford منتشر شده است. سطح دوم این مجموعه، یعنی American English File 2 برای زبان‌آموزانی طراحی شده که در سطح Elementary تا Pre-Intermediate قرار دارند و می‌خواهند مهارت‌های خود را در چهار زمینه اصلی زبان تقویت کنند: Speaking، Listening، Reading و Writing.', '<h2>معرفی دوره</h2>\r\n    <p> دوره آموزش ویدیویی American English File 2، با تدریس گام‌به‌گام و همراه با تمرین‌های\r\n        تعاملی، محتوای کتاب را به‌صورت کامل آموزش می‌دهد. این دوره به زبان‌آموز کمک می‌کند تا از مکالمات پایه عبور کرده\r\n        و وارد دنیای گفتگوهای واقعی، درک مطلب پیشرفته‌تر، و کاربرد صحیح گرامر شود. </p>\r\n    <h2>ویژگی‌های اصلی\r\n        این دوره</h2>\r\n    <ul>\r\n        <li>تدریس کامل و دقیق تمام دروس کتاب Student Book</li>\r\n        <li>آموزش گرامرهای پایه و\r\n            کاربردی مانند زمان گذشته، حال استمراری، آینده با going to و ...</li>\r\n        <li>تقویت مهارت شنیداری با استفاده\r\n            از فایل‌های صوتی اصلی کتاب</li>\r\n        <li>افزایش دایره واژگان با تمرکز بر موضوعات روزمره و کاربردی</li>\r\n        <li>تمرین مکالمه با استفاده از تکنیک‌های پرسش و پاسخ و Role Play</li>\r\n        <li>همراهی با تمرینات Workbook و\r\n            فایل‌های ویدیویی مکمل (Video Listening)</li>\r\n    </ul>\r\n    <h2>مناسب چه کسانی است؟</h2>\r\n    <ul>\r\n        <li>زبان‌آموزانی که سطح A1 را گذرانده و قصد ورود به سطح A2 را دارند</li>\r\n        <li>دانش‌آموزان، دانشجویان یا\r\n            علاقه‌مندان به یادگیری زبان انگلیسی عمومی</li>\r\n        <li>افرادی که می‌خواهند مکالمه روزمره را به شیوه‌ای اصولی\r\n            یاد بگیرند</li>\r\n        <li>مدرسانی که به دنبال یک منبع ساختارمند برای تدریس سطح مقدماتی هستند</li>\r\n    </ul>\r\n    <h2>آنچه پس از گذراندن این دوره به دست می‌آورید</h2>\r\n    <p> پس از پایان دوره آموزش ویدیویی American\r\n        English File 2، زبان‌آموز قادر خواهد بود در مکالمات پایه و روزمره شرکت کند، ساختارهای اصلی گرامر را به‌کار ببرد،\r\n        متون ساده را بخواند و بنویسد، و برای ورود به سطح <strong>American English File 3</strong> آماده شود. </p>\r\n    <p> اگر به دنبال دوره‌ای کامل، تعاملی و حرفه‌ای هستید که زبان انگلیسی را به شیوه‌ای شفاف، جذاب و کارآمد\r\n        آموزش دهد، این دوره بهترین گزینه برای شما خواهد بود. </p>', 'http://localhost:4000/public/images/1752734513509.png', 'http://localhost:4000/public/introductionVideo/1___1752734513386___2.mp4', 0, '400000', 0, '3.0000', 'american-english-file-2', '1', '2025-07-17 06:41:53', '2025-07-29 13:43:22', 4, 1, 2, NULL);
INSERT INTO `courses` VALUES (8, 'top notch 1 A', 'دوره Top Notch 1A نخستین بخش از سطح Top Notch 1 در مجموعه بین‌المللی Top Notch است که توسط انتشارات معتبر Pearson منتشر شده است. این مجموعه با رویکرد ارتباطی (Communicative Approach)، یکی از پرکاربردترین منابع آموزش زبان انگلیسی در سراسر دنیاست و مخصوص نوجوانان و بزرگسالانی است که می‌خواهند زبان انگلیسی را برای زندگی واقعی، کار و تحصیل بیاموزند.', '<h2>مخاطبان دوره</h2>\r\n    <p> این دوره مناسب زبان‌آموزانی است که سطوح مقدماتی (مانند Top Notch Fundamentals A و B) را با موفقیت پشت سر\r\n        گذاشته‌اند و اکنون وارد مرحله سطح <strong>پیش‌میانی (A2+)</strong> شده‌اند. افرادی که با ساختارهای پایه زبان\r\n        آشنا هستند و می‌خواهند مهارت‌های ارتباطی خود را تقویت کنند، مخاطب اصلی این سطح هستند. </p>\r\n    <h2>اهداف آموزشی</h2>\r\n    <p> هدف اصلی این دوره، ارتقاء توانایی زبان‌آموز در برقراری مکالمات طبیعی، درک مطالب شنیداری، خواندن متون کاربردی و\r\n        نوشتن متون کوتاه با ساختار درست است. همچنین، آشنایی با زبان رسمی و غیررسمی، واژگان مرتبط با زندگی روزمره، و نکات\r\n        فرهنگی کشورهای انگلیسی‌زبان نیز در این دوره مدنظر قرار می‌گیرد. </p>\r\n    <h2>محتوای آموزشی</h2>\r\n    <ul>\r\n        <li>موضوعاتی مانند معرفی دیگران، ملیت‌ها، محل زندگی، توصیف اشیاء و مکان‌ها، خرید کردن، سفارش غذا و برنامه‌ریزی\r\n            روزانه</li>\r\n        <li>گرامرهایی از جمله حال ساده، ضمایر فاعلی و ملکی، حروف اضافه مکان، there is / there are، و افعال کمکی (can,\r\n            do, does)</li>\r\n        <li>مکالمات واقعی با تمرکز بر تلفظ، ریتم، تکیه کلمات و آواهای انگلیسی آمریکایی</li>\r\n        <li>خواندن متن‌های کوتاه شامل گفت‌وگو، پیام، ایمیل و آگهی</li>\r\n        <li>نوشتن جملات و پاراگراف‌های ساده در موضوعات شخصی</li>\r\n    </ul>\r\n    <h2>ویژگی‌های دوره</h2>\r\n    <ul>\r\n        <li>استفاده از فایل‌های صوتی و تصویری جذاب برای درک بهتر محتوا</li>\r\n        <li>تمرین‌های مکالمه گروهی و زوجی در کلاس برای تقویت اعتماد به نفس</li>\r\n        <li>یادگیری واژگان به صورت موضوعی و در بافت واقعی</li>\r\n        <li>استفاده از ویدیوهای آموزشی مرتبط با درس برای یادگیری تعاملی</li>\r\n        <li>همراهی با کتاب تمرین (Workbook) برای تمرین در منزل</li>\r\n    </ul>\r\n    <h2>نتایج مورد انتظار</h2>\r\n    <p> پس از پایان دوره Top Notch 1A، زبان‌آموز قادر خواهد بود: </p>\r\n    <ul>\r\n        <li>در مکالمات ساده و کاربردی به‌راحتی شرکت کند</li>\r\n        <li>از ساختارهای گرامری درست در صحبت و نوشتار استفاده کند</li>\r\n        <li>واژگان مرتبط با موقعیت‌های روزمره را درک و به‌کار ببرد</li>\r\n        <li>برای ادامه مسیر در سطح Top Notch 1B آماده شود</li>\r\n    </ul>\r\n    <h2>پیش‌نیاز</h2>\r\n    <p> آشنایی با مبانی زبان انگلیسی در سطح مقدماتی (مانند Top Notch Fundamentals B یا تعیین سطح معادل) برای شرکت در این\r\n        دوره توصیه می‌شود. </p>', 'http://localhost:4000/public/images/1753636776194.png', 'http://localhost:4000/public/introductionVideo/1___1753636775997___1B.mp4', 0, '550000', 0, '4.5000', 'top-notch-1-A', 'top notch 1 A', '2025-07-27 17:19:36', '2025-07-29 13:48:41', 5, 1, 3, NULL);

-- ----------------------------
-- Table structure for extrafiles
-- ----------------------------
DROP TABLE IF EXISTS `extrafiles`;
CREATE TABLE `extrafiles`  (
  `id` int UNSIGNED NOT NULL AUTO_INCREMENT,
  `link` varchar(255) CHARACTER SET utf8mb4 COLLATE utf8mb4_0900_ai_ci NOT NULL,
  `books` smallint NOT NULL DEFAULT 0,
  `courses` smallint NOT NULL DEFAULT 0,
  `articles` smallint NOT NULL DEFAULT 0,
  `created_at` datetime NULL DEFAULT CURRENT_TIMESTAMP,
  `updated_at` datetime NULL DEFAULT CURRENT_TIMESTAMP,
  PRIMARY KEY (`id`) USING BTREE
) ENGINE = InnoDB AUTO_INCREMENT = 49 CHARACTER SET = utf8mb4 COLLATE = utf8mb4_0900_ai_ci ROW_FORMAT = Dynamic;

-- ----------------------------
-- Records of extrafiles
-- ----------------------------
INSERT INTO `extrafiles` VALUES (13, 'http://localhost:4000/public/extraFiles/1753022325558.jpg', 0, 0, 1, '2025-07-20 14:38:45', '2025-07-20 14:42:27');
INSERT INTO `extrafiles` VALUES (14, 'http://localhost:4000/public/extraFiles/1753022477666.jpg', 0, 0, 1, '2025-07-20 14:41:17', '2025-07-20 14:42:27');
INSERT INTO `extrafiles` VALUES (15, 'http://localhost:4000/public/extraFiles/1753022517355.jpg', 0, 0, 1, '2025-07-20 14:41:57', '2025-07-20 14:42:27');
INSERT INTO `extrafiles` VALUES (16, 'http://localhost:4000/public/extraFiles/1753022647107.jpg', 0, 0, 1, '2025-07-20 14:44:07', '2025-07-20 14:53:58');
INSERT INTO `extrafiles` VALUES (17, 'http://localhost:4000/public/extraFiles/1753022675852.jpg', 0, 0, 1, '2025-07-20 14:44:35', '2025-07-20 14:53:58');
INSERT INTO `extrafiles` VALUES (18, 'http://localhost:4000/public/extraFiles/1753022794265.jpg', 0, 0, 2, '2025-07-20 14:46:34', '2025-07-29 08:13:12');
INSERT INTO `extrafiles` VALUES (19, 'http://localhost:4000/public/extraFiles/1753022818088.jpg', 0, 0, 2, '2025-07-20 14:46:58', '2025-07-29 08:13:12');
INSERT INTO `extrafiles` VALUES (20, 'http://localhost:4000/public/extraFiles/1753022840208.jpg', 0, 0, 2, '2025-07-20 14:47:20', '2025-07-29 08:13:12');
INSERT INTO `extrafiles` VALUES (21, 'http://localhost:4000/public/extraFiles/1753022862082.jpg', 0, 0, 2, '2025-07-20 14:47:42', '2025-07-29 08:13:12');
INSERT INTO `extrafiles` VALUES (22, 'http://localhost:4000/public/extraFiles/1753022891149.jpg', 0, 0, 2, '2025-07-20 14:48:11', '2025-07-29 08:13:12');
INSERT INTO `extrafiles` VALUES (23, 'http://localhost:4000/public/extraFiles/1753022978817.jpg', 0, 0, 1, '2025-07-20 14:49:38', '2025-07-28 13:43:50');
INSERT INTO `extrafiles` VALUES (24, 'http://localhost:4000/public/extraFiles/1753282641357.png', 1, 0, 0, '2025-07-23 14:57:21', '2025-07-23 16:02:41');
INSERT INTO `extrafiles` VALUES (25, 'http://localhost:4000/public/extraFiles/1753282645769.png', 1, 0, 0, '2025-07-23 14:57:25', '2025-07-23 16:02:41');
INSERT INTO `extrafiles` VALUES (26, 'http://localhost:4000/public/extraFiles/1753282649393.png', 1, 0, 0, '2025-07-23 14:57:29', '2025-07-23 16:02:41');
INSERT INTO `extrafiles` VALUES (27, 'http://localhost:4000/public/extraFiles/1753282949057.png', 1, 0, 0, '2025-07-23 15:02:29', '2025-07-23 15:20:28');
INSERT INTO `extrafiles` VALUES (28, 'http://localhost:4000/public/extraFiles/1753282955920.png', 1, 0, 0, '2025-07-23 15:02:35', '2025-07-23 15:20:28');
INSERT INTO `extrafiles` VALUES (29, 'http://localhost:4000/public/extraFiles/1753282962173.png', 1, 0, 0, '2025-07-23 15:02:42', '2025-07-23 15:20:28');
INSERT INTO `extrafiles` VALUES (30, 'http://localhost:4000/public/extraFiles/1753282967097.png', 1, 0, 0, '2025-07-23 15:02:47', '2025-07-23 15:20:28');
INSERT INTO `extrafiles` VALUES (31, 'http://localhost:4000/public/extraFiles/1753282971551.png', 1, 0, 0, '2025-07-23 15:02:51', '2025-07-23 15:20:28');
INSERT INTO `extrafiles` VALUES (32, 'http://localhost:4000/public/extraFiles/1753282976388.png', 1, 0, 0, '2025-07-23 15:02:56', '2025-07-23 15:20:28');
INSERT INTO `extrafiles` VALUES (33, 'http://localhost:4000/public/extraFiles/1753282980241.png', 1, 0, 0, '2025-07-23 15:03:00', '2025-07-23 15:20:28');
INSERT INTO `extrafiles` VALUES (34, 'http://localhost:4000/public/extraFiles/1753282984176.png', 1, 0, 0, '2025-07-23 15:03:04', '2025-07-23 15:20:28');
INSERT INTO `extrafiles` VALUES (35, 'http://localhost:4000/public/extraFiles/1753284656717.png', 1, 0, 0, '2025-07-23 15:30:56', '2025-07-23 15:57:41');
INSERT INTO `extrafiles` VALUES (36, 'http://localhost:4000/public/extraFiles/1753284662702.png', 1, 0, 0, '2025-07-23 15:31:02', '2025-07-23 15:57:41');
INSERT INTO `extrafiles` VALUES (37, 'http://localhost:4000/public/extraFiles/1753284668927.png', 1, 0, 0, '2025-07-23 15:31:08', '2025-07-23 15:57:41');
INSERT INTO `extrafiles` VALUES (38, 'http://localhost:4000/public/extraFiles/1753284674128.png', 1, 0, 0, '2025-07-23 15:31:14', '2025-07-23 15:57:41');
INSERT INTO `extrafiles` VALUES (39, 'http://localhost:4000/public/extraFiles/1753284679792.png', 1, 0, 0, '2025-07-23 15:31:19', '2025-07-23 15:57:41');
INSERT INTO `extrafiles` VALUES (40, 'http://localhost:4000/public/extraFiles/1753284685160.png', 1, 0, 0, '2025-07-23 15:31:25', '2025-07-23 15:57:41');
INSERT INTO `extrafiles` VALUES (41, 'http://localhost:4000/public/extraFiles/1753285871061.png', 1, 0, 0, '2025-07-23 15:51:11', '2025-07-23 15:54:17');
INSERT INTO `extrafiles` VALUES (42, 'http://localhost:4000/public/extraFiles/1753285881593.png', 1, 0, 0, '2025-07-23 15:51:21', '2025-07-23 15:54:17');
INSERT INTO `extrafiles` VALUES (43, 'http://localhost:4000/public/extraFiles/1753285889753.png', 1, 0, 0, '2025-07-23 15:51:29', '2025-07-23 15:54:17');
INSERT INTO `extrafiles` VALUES (44, 'http://localhost:4000/public/extraFiles/1753285897263.png', 1, 0, 0, '2025-07-23 15:51:37', '2025-07-23 15:54:17');
INSERT INTO `extrafiles` VALUES (45, 'http://localhost:4000/public/extraFiles/1753285904206.png', 1, 0, 0, '2025-07-23 15:51:44', '2025-07-23 15:54:17');
INSERT INTO `extrafiles` VALUES (46, 'http://localhost:4000/public/extraFiles/1753285912220.png', 1, 0, 0, '2025-07-23 15:51:52', '2025-07-23 15:54:17');
INSERT INTO `extrafiles` VALUES (47, 'http://localhost:4000/public/extraFiles/1753285917589.png', 1, 0, 0, '2025-07-23 15:51:57', '2025-07-23 15:54:17');

-- ----------------------------
-- Table structure for files
-- ----------------------------
DROP TABLE IF EXISTS `files`;
CREATE TABLE `files`  (
  `id` int UNSIGNED NOT NULL AUTO_INCREMENT,
  `name` varchar(255) CHARACTER SET utf8mb4 COLLATE utf8mb4_0900_ai_ci NOT NULL,
  `link` varchar(255) CHARACTER SET utf8mb4 COLLATE utf8mb4_0900_ai_ci NOT NULL,
  `type` varchar(255) CHARACTER SET utf8mb4 COLLATE utf8mb4_0900_ai_ci NOT NULL,
  `group` varchar(255) CHARACTER SET utf8mb4 COLLATE utf8mb4_0900_ai_ci NOT NULL,
  `created_at` datetime NOT NULL,
  `updated_at` datetime NOT NULL,
  `book_id` int UNSIGNED NOT NULL,
  PRIMARY KEY (`id`) USING BTREE,
  INDEX `files_book_id_foreign_idx`(`book_id` ASC) USING BTREE,
  CONSTRAINT `files_book_id_foreign_idx` FOREIGN KEY (`book_id`) REFERENCES `books` (`id`) ON DELETE RESTRICT ON UPDATE RESTRICT
) ENGINE = InnoDB AUTO_INCREMENT = 64 CHARACTER SET = utf8mb4 COLLATE = utf8mb4_0900_ai_ci ROW_FORMAT = Dynamic;

-- ----------------------------
-- Records of files
-- ----------------------------
INSERT INTO `files` VALUES (14, 'کتاب Basic Grammar In Use', 'http://localhost:4000/public/files/1___1753280758258___grammar-basic.pdf', 'book', 'Basic Grammar In Use', '2025-07-23 14:26:01', '2025-07-23 14:26:01', 6);
INSERT INTO `files` VALUES (16, 'فایل های صوتی کتاب Basic Grammar In Use', 'http://localhost:4000/public/files/1___1753281079193___grammar-in-use-basic.zip', 'bookSound', 'Basic Grammar In Use', '2025-07-23 14:33:33', '2025-07-23 14:33:33', 6);
INSERT INTO `files` VALUES (17, 'کتاب Grammar In Use Intermediate', 'http://localhost:4000/public/files/1___1753281123530___grammar-intermidate.pdf', 'book', 'Grammar In Use Intermediate', '2025-07-23 14:33:33', '2025-07-23 14:33:33', 6);
INSERT INTO `files` VALUES (18, 'فایل های صوتی کتاب Grammar In Use Intermediate', 'http://localhost:4000/public/files/1___1753281159418___grammar-in-use-intermediate.zip', 'bookSound', 'Grammar In Use Intermediate', '2025-07-23 14:33:33', '2025-07-23 14:33:33', 6);
INSERT INTO `files` VALUES (19, 'کتاب Advance Grammar In Use', 'http://localhost:4000/public/files/1___1753281189962___grammar-advance.pdf', 'book', 'Advance Grammar In Use', '2025-07-23 14:33:33', '2025-07-23 14:33:33', 6);
INSERT INTO `files` VALUES (20, 'فایل های صوتی کتاب Advance Grammar In Use', 'http://localhost:4000/public/files/1___1753281211825___grammar-in-use-advance.zip', 'bookSound', 'Advance Grammar In Use', '2025-07-23 14:33:33', '2025-07-23 14:33:33', 6);
INSERT INTO `files` VALUES (21, 'کتاب top notch fandementals A', 'http://localhost:4000/public/files/1___1753283243434___top-FA.pdf', 'book', 'top notch fandementals A', '2025-07-23 15:15:43', '2025-07-23 15:15:43', 5);
INSERT INTO `files` VALUES (22, 'فایل های صوتی کتاب top notch fandementals A', 'http://localhost:4000/public/files/1___1753283294146___top-notch-FA.zip', 'bookSound', 'top notch fandementals A', '2025-07-23 15:15:43', '2025-07-23 15:15:43', 5);
INSERT INTO `files` VALUES (23, 'کتاب top notch fandementals B', 'http://localhost:4000/public/files/1___1753283365289___top-FB.pdf', 'book', 'top notch fandementals B', '2025-07-23 15:15:43', '2025-07-23 15:15:43', 5);
INSERT INTO `files` VALUES (24, 'فایل های صوتی کتاب top notch fandementals B', 'http://localhost:4000/public/files/1___1753283385675___top-notch-FB.zip', 'bookSound', 'top notch fandementals B', '2025-07-23 15:15:44', '2025-07-23 15:15:44', 5);
INSERT INTO `files` VALUES (25, 'کتاب top notch 1 A', 'http://localhost:4000/public/files/1___1753283416642___top-1A.pdf', 'book', 'top notch 1 A', '2025-07-23 15:15:44', '2025-07-23 15:15:44', 5);
INSERT INTO `files` VALUES (26, 'فایل های صوتی کتاب top notch 1 A', 'http://localhost:4000/public/files/1___1753283441906___top-notch-1A.zip', 'bookSound', 'top notch 1 A', '2025-07-23 15:15:44', '2025-07-23 15:15:44', 5);
INSERT INTO `files` VALUES (27, 'کتاب top notch 1 B', 'http://localhost:4000/public/files/1___1753283488035___top-1B.pdf', 'book', 'top notch 1 B', '2025-07-23 15:15:44', '2025-07-23 15:15:44', 5);
INSERT INTO `files` VALUES (28, 'فایل های صوتی کتاب top notch 1 B', 'http://localhost:4000/public/files/1___1753283509618___top-notch-1B.zip', 'bookSound', 'top notch 1 B', '2025-07-23 15:15:44', '2025-07-23 15:15:44', 5);
INSERT INTO `files` VALUES (29, 'کتاب top notch 2 A', 'http://localhost:4000/public/files/1___1753283535250___top-2A.pdf', 'book', 'top notch 2 A', '2025-07-23 15:15:44', '2025-07-23 15:15:44', 5);
INSERT INTO `files` VALUES (30, 'فایل های صوتی کتاب top notch 2 A', 'http://localhost:4000/public/files/1___1753283579273___top-notch-2A.zip', 'bookSound', 'top notch 2 A', '2025-07-23 15:15:44', '2025-07-23 15:15:44', 5);
INSERT INTO `files` VALUES (31, 'کتاب top notch 2 B', 'http://localhost:4000/public/files/1___1753283614131___top-2B.pdf', 'book', 'top notch 2 B', '2025-07-23 15:15:44', '2025-07-23 15:15:44', 5);
INSERT INTO `files` VALUES (32, 'فایل های صوتی کتاب top notch 2 B', 'http://localhost:4000/public/files/1___1753283644026___top-notch-2B.zip', 'bookSound', 'top notch 2 B', '2025-07-23 15:15:44', '2025-07-23 15:15:44', 5);
INSERT INTO `files` VALUES (33, 'کتاب top notch 3 A', 'http://localhost:4000/public/files/1___1753283676035___top-3A.pdf', 'book', 'top notch 3 A', '2025-07-23 15:15:44', '2025-07-23 15:15:44', 5);
INSERT INTO `files` VALUES (34, 'فایل های کتاب top notch 3 A', 'http://localhost:4000/public/files/1___1753283695929___top-notch-3A.zip', 'bookSound', 'top notch 3 A', '2025-07-23 15:15:44', '2025-07-23 15:15:44', 5);
INSERT INTO `files` VALUES (35, 'کتاب top notch 3 B', 'http://localhost:4000/public/files/1___1753283722725___top-3B.pdf', 'book', 'top notch 3 B', '2025-07-23 15:15:44', '2025-07-23 15:15:44', 5);
INSERT INTO `files` VALUES (36, 'فایل های صوتی کتاب top notch 3 B', 'http://localhost:4000/public/files/1___1753283741521___top-notch-3B.zip', 'bookSound', 'top notch 3 B', '2025-07-23 15:15:44', '2025-07-23 15:15:44', 5);
INSERT INTO `files` VALUES (37, 'کتاب American English File starter', 'http://localhost:4000/public/files/1___1753284930843___american-starter.pdf', 'book', 'American English File starter', '2025-07-23 15:40:00', '2025-07-23 15:40:00', 4);
INSERT INTO `files` VALUES (38, 'کتاب American English File 1', 'http://localhost:4000/public/files/1___1753284959657___american-1.pdf', 'book', 'American English File 1', '2025-07-23 15:40:00', '2025-07-23 15:40:00', 4);
INSERT INTO `files` VALUES (39, 'کتاب American English File 2', 'http://localhost:4000/public/files/1___1753284986447___american-2.pdf', 'book', 'American English File 2', '2025-07-23 15:40:00', '2025-07-23 15:40:00', 4);
INSERT INTO `files` VALUES (40, 'کتاب American English File 3', 'http://localhost:4000/public/files/1___1753285018893___american-3.pdf', 'book', 'American English File 3', '2025-07-23 15:40:00', '2025-07-23 15:40:00', 4);
INSERT INTO `files` VALUES (41, 'کتاب American English File 4', 'http://localhost:4000/public/files/1___1753285037633___american-4.pdf', 'book', 'American English File 4', '2025-07-23 15:40:00', '2025-07-23 15:40:00', 4);
INSERT INTO `files` VALUES (42, 'کتاب American English File 5', 'http://localhost:4000/public/files/1___1753285054307___american-5.pdf', 'book', 'American English File 5', '2025-07-23 15:40:00', '2025-07-23 15:40:00', 4);
INSERT INTO `files` VALUES (43, 'کتاب کار American English File starter', 'http://localhost:4000/public/files/1___1753285095574___american-work-start.pdf', 'workbook', 'American English File starter', '2025-07-23 15:40:00', '2025-07-23 15:40:00', 4);
INSERT INTO `files` VALUES (44, 'کتاب کار American English File 1', 'http://localhost:4000/public/files/1___1753285116808___american-work-1.pdf', 'workbook', 'American English File 1', '2025-07-23 15:40:00', '2025-07-23 15:40:00', 4);
INSERT INTO `files` VALUES (45, 'کتاب کار American English File 2', 'http://localhost:4000/public/files/1___1753285130452___american-work-2.pdf', 'workbook', 'American English File 2', '2025-07-23 15:40:00', '2025-07-23 15:40:00', 4);
INSERT INTO `files` VALUES (46, 'کتاب کار American English File 3', 'http://localhost:4000/public/files/1___1753285144512___american-work-3.pdf', 'workbook', 'American English File 3', '2025-07-23 15:40:00', '2025-07-23 15:40:00', 4);
INSERT INTO `files` VALUES (47, 'کتاب کار American English File 4', 'http://localhost:4000/public/files/1___1753285166159___american-work-4.pdf', 'workbook', 'American English File 4', '2025-07-23 15:40:00', '2025-07-23 15:40:00', 4);
INSERT INTO `files` VALUES (48, 'کتاب کار American English File 5', 'http://localhost:4000/public/files/1___1753285194944___american-work-5.pdf', 'workbook', 'American English File 5', '2025-07-23 15:40:00', '2025-07-23 15:40:00', 4);
INSERT INTO `files` VALUES (49, 'کتاب family and friends starter', 'http://localhost:4000/public/files/1___1753285529239___family-start.pdf', 'book', 'family and friends starter', '2025-07-23 15:50:48', '2025-07-23 15:50:48', 3);
INSERT INTO `files` VALUES (50, 'کتاب family and friends 1', 'http://localhost:4000/public/files/1___1753285559599___family-1.pdf', 'book', 'family and friends 1', '2025-07-23 15:50:48', '2025-07-23 15:50:48', 3);
INSERT INTO `files` VALUES (51, 'کتاب family and friends 2', 'http://localhost:4000/public/files/1___1753285573040___family-2.pdf', 'book', 'family and friends 2', '2025-07-23 15:50:48', '2025-07-23 15:50:48', 3);
INSERT INTO `files` VALUES (52, 'کتاب family and friends 3', 'http://localhost:4000/public/files/1___1753285588751___family-3.pdf', 'book', 'family and friends 3', '2025-07-23 15:50:48', '2025-07-23 15:50:48', 3);
INSERT INTO `files` VALUES (53, 'کتاب family and friends 4', 'http://localhost:4000/public/files/1___1753285603574___family-4.pdf', 'book', 'family and friends 4', '2025-07-23 15:50:48', '2025-07-23 15:50:48', 3);
INSERT INTO `files` VALUES (54, 'کتاب family and friends 5', 'http://localhost:4000/public/files/1___1753285618194___family-5.pdf', 'book', 'family and friends 5', '2025-07-23 15:50:49', '2025-07-23 15:50:49', 3);
INSERT INTO `files` VALUES (55, 'کتاب family and friends 6', 'http://localhost:4000/public/files/1___1753285633488___family-6.pdf', 'book', 'family and friends 6', '2025-07-23 15:50:49', '2025-07-23 15:50:49', 3);
INSERT INTO `files` VALUES (56, 'کتاب کار family and friends starter', 'http://localhost:4000/public/files/1___1753285665794___family-start.pdf', 'workbook', 'family and friends starter', '2025-07-23 15:50:49', '2025-07-23 15:50:49', 3);
INSERT INTO `files` VALUES (57, 'کتاب کار family and friends 1', 'http://localhost:4000/public/files/1___1753285684602___family-1.pdf', 'workbook', 'family and friends 1', '2025-07-23 15:50:49', '2025-07-23 15:50:49', 3);
INSERT INTO `files` VALUES (58, 'کتاب کار family and friends 2', 'http://localhost:4000/public/files/1___1753285700606___family-2.pdf', 'workbook', 'family and friends 2', '2025-07-23 15:50:49', '2025-07-23 15:50:49', 3);
INSERT INTO `files` VALUES (59, 'کتاب کار family and friends 3', 'http://localhost:4000/public/files/1___1753285715940___family-3.pdf', 'workbook', 'family and friends 3', '2025-07-23 15:50:49', '2025-07-23 15:50:49', 3);
INSERT INTO `files` VALUES (60, 'کتاب کار family and friends 4', 'http://localhost:4000/public/files/1___1753285731320___family-4.pdf', 'workbook', 'family and friends 4', '2025-07-23 15:50:49', '2025-07-23 15:50:49', 3);
INSERT INTO `files` VALUES (61, 'کتاب کار family and friends 5', 'http://localhost:4000/public/files/1___1753285745970___family-5.pdf', 'workbook', 'family and friends 5', '2025-07-23 15:50:49', '2025-07-23 15:50:49', 3);
INSERT INTO `files` VALUES (62, 'کتاب کار family and friends 6', 'http://localhost:4000/public/files/1___1753285759639___family-6.pdf', 'workbook', 'family and friends 6', '2025-07-23 15:50:49', '2025-07-23 15:50:49', 3);

-- ----------------------------
-- Table structure for freebooks
-- ----------------------------
DROP TABLE IF EXISTS `freebooks`;
CREATE TABLE `freebooks`  (
  `id` int UNSIGNED NOT NULL AUTO_INCREMENT,
  `name` varchar(255) CHARACTER SET utf8mb4 COLLATE utf8mb4_0900_ai_ci NOT NULL,
  `cover` varchar(255) CHARACTER SET utf8mb4 COLLATE utf8mb4_0900_ai_ci NOT NULL,
  `slug` varchar(255) CHARACTER SET utf8mb4 COLLATE utf8mb4_0900_ai_ci NOT NULL,
  `fileText` varchar(255) CHARACTER SET utf8mb4 COLLATE utf8mb4_0900_ai_ci NOT NULL,
  `file` varchar(255) CHARACTER SET utf8mb4 COLLATE utf8mb4_0900_ai_ci NOT NULL,
  `created_at` datetime NOT NULL,
  `updated_at` datetime NOT NULL,
  `level_id` int UNSIGNED NOT NULL,
  PRIMARY KEY (`id`) USING BTREE,
  UNIQUE INDEX `slug`(`slug` ASC) USING BTREE,
  INDEX `freebooks_level_id_foreign_idx`(`level_id` ASC) USING BTREE,
  CONSTRAINT `freebooks_level_id_foreign_idx` FOREIGN KEY (`level_id`) REFERENCES `levels` (`id`) ON DELETE RESTRICT ON UPDATE RESTRICT
) ENGINE = InnoDB CHARACTER SET = utf8mb4 COLLATE = utf8mb4_0900_ai_ci ROW_FORMAT = Dynamic;

-- ----------------------------
-- Records of freebooks
-- ----------------------------

-- ----------------------------
-- Table structure for levels
-- ----------------------------
DROP TABLE IF EXISTS `levels`;
CREATE TABLE `levels`  (
  `id` int UNSIGNED NOT NULL AUTO_INCREMENT,
  `name` varchar(255) CHARACTER SET utf8mb4 COLLATE utf8mb4_0900_ai_ci NOT NULL,
  PRIMARY KEY (`id`) USING BTREE
) ENGINE = InnoDB AUTO_INCREMENT = 9 CHARACTER SET = utf8mb4 COLLATE = utf8mb4_0900_ai_ci ROW_FORMAT = Dynamic;

-- ----------------------------
-- Records of levels
-- ----------------------------
INSERT INTO `levels` VALUES (1, 'A1');
INSERT INTO `levels` VALUES (2, 'A2');
INSERT INTO `levels` VALUES (3, 'B1');
INSERT INTO `levels` VALUES (4, 'B2');
INSERT INTO `levels` VALUES (5, 'C1');
INSERT INTO `levels` VALUES (6, 'C2');

-- ----------------------------
-- Table structure for medaigamequestions
-- ----------------------------
DROP TABLE IF EXISTS `medaigamequestions`;
CREATE TABLE `medaigamequestions`  (
  `id` int UNSIGNED NOT NULL AUTO_INCREMENT,
  `question` text CHARACTER SET utf8mb4 COLLATE utf8mb4_0900_ai_ci NOT NULL,
  `answer1` text CHARACTER SET utf8mb4 COLLATE utf8mb4_0900_ai_ci NOT NULL,
  `answer2` text CHARACTER SET utf8mb4 COLLATE utf8mb4_0900_ai_ci NOT NULL,
  `answer3` text CHARACTER SET utf8mb4 COLLATE utf8mb4_0900_ai_ci NOT NULL,
  `answer4` text CHARACTER SET utf8mb4 COLLATE utf8mb4_0900_ai_ci NOT NULL,
  `correctAnswer` varchar(255) CHARACTER SET utf8mb4 COLLATE utf8mb4_0900_ai_ci NOT NULL,
  `mediagame_id` int UNSIGNED NOT NULL,
  PRIMARY KEY (`id`) USING BTREE,
  INDEX `medaiGameQuestions_mediagame_id_foreign_idx`(`mediagame_id` ASC) USING BTREE,
  CONSTRAINT `medaiGameQuestions_mediagame_id_foreign_idx` FOREIGN KEY (`mediagame_id`) REFERENCES `mediagames` (`id`) ON DELETE CASCADE ON UPDATE RESTRICT
) ENGINE = InnoDB CHARACTER SET = utf8mb4 COLLATE = utf8mb4_0900_ai_ci ROW_FORMAT = Dynamic;

-- ----------------------------
-- Records of medaigamequestions
-- ----------------------------

-- ----------------------------
-- Table structure for mediagames
-- ----------------------------
DROP TABLE IF EXISTS `mediagames`;
CREATE TABLE `mediagames`  (
  `id` int UNSIGNED NOT NULL AUTO_INCREMENT,
  `time` smallint NOT NULL,
  `file` text CHARACTER SET utf8mb4 COLLATE utf8mb4_0900_ai_ci NOT NULL,
  `fileType` enum('video','voice','text') CHARACTER SET utf8mb4 COLLATE utf8mb4_0900_ai_ci NOT NULL,
  `created_at` datetime NOT NULL,
  `updated_at` datetime NOT NULL,
  PRIMARY KEY (`id`) USING BTREE
) ENGINE = InnoDB CHARACTER SET = utf8mb4 COLLATE = utf8mb4_0900_ai_ci ROW_FORMAT = Dynamic;

-- ----------------------------
-- Records of mediagames
-- ----------------------------

-- ----------------------------
-- Table structure for offs
-- ----------------------------
DROP TABLE IF EXISTS `offs`;
CREATE TABLE `offs`  (
  `id` int UNSIGNED NOT NULL AUTO_INCREMENT,
  `percent` tinyint NOT NULL,
  `code` varchar(255) CHARACTER SET utf8mb4 COLLATE utf8mb4_0900_ai_ci NULL DEFAULT NULL,
  `expire` date NOT NULL,
  `times` int NULL DEFAULT NULL,
  `remainingTimes` int NULL DEFAULT NULL,
  `public` tinyint(1) NOT NULL,
  `created_at` datetime NOT NULL,
  `updated_at` datetime NOT NULL,
  `course_id` int UNSIGNED NOT NULL,
  `creator_id` int UNSIGNED NOT NULL,
  PRIMARY KEY (`id`) USING BTREE,
  INDEX `offs_course_id_foreign_idx`(`course_id` ASC) USING BTREE,
  INDEX `offs_creator_id_foreign_idx`(`creator_id` ASC) USING BTREE,
  CONSTRAINT `offs_course_id_foreign_idx` FOREIGN KEY (`course_id`) REFERENCES `courses` (`id`) ON DELETE RESTRICT ON UPDATE RESTRICT,
  CONSTRAINT `offs_creator_id_foreign_idx` FOREIGN KEY (`creator_id`) REFERENCES `users` (`id`) ON DELETE RESTRICT ON UPDATE RESTRICT
) ENGINE = InnoDB AUTO_INCREMENT = 9 CHARACTER SET = utf8mb4 COLLATE = utf8mb4_0900_ai_ci ROW_FORMAT = Dynamic;

-- ----------------------------
-- Records of offs
-- ----------------------------
INSERT INTO `offs` VALUES (1, 50, 'aaaaaaaa', '2025-07-19', 2, 0, 0, '2025-07-19 07:13:43', '2025-07-19 17:57:41', 6, 1);
INSERT INTO `offs` VALUES (7, 20, 'adsdscdcskjnkjn', '2025-09-30', 4, 4, 0, '2025-07-30 14:34:01', '2025-07-30 14:34:01', 3, 1);
INSERT INTO `offs` VALUES (8, 20, 'adsdscdcskjnkjn', '2025-09-30', 4, 4, 0, '2025-07-30 14:34:01', '2025-07-30 14:34:01', 4, 1);

-- ----------------------------
-- Table structure for offs_users
-- ----------------------------
DROP TABLE IF EXISTS `offs_users`;
CREATE TABLE `offs_users`  (
  `off_id` int UNSIGNED NOT NULL,
  `user_id` int UNSIGNED NOT NULL,
  `created_at` datetime NOT NULL,
  `updated_at` datetime NOT NULL,
  UNIQUE INDEX `unique_user_off`(`off_id` ASC, `user_id` ASC) USING BTREE,
  INDEX `user_id`(`user_id` ASC) USING BTREE,
  CONSTRAINT `offs_users_ibfk_1` FOREIGN KEY (`off_id`) REFERENCES `offs` (`id`) ON DELETE CASCADE ON UPDATE RESTRICT,
  CONSTRAINT `offs_users_ibfk_2` FOREIGN KEY (`user_id`) REFERENCES `users` (`id`) ON DELETE CASCADE ON UPDATE RESTRICT
) ENGINE = InnoDB CHARACTER SET = utf8mb4 COLLATE = utf8mb4_0900_ai_ci ROW_FORMAT = Dynamic;

-- ----------------------------
-- Records of offs_users
-- ----------------------------

-- ----------------------------
-- Table structure for phrasegames
-- ----------------------------
DROP TABLE IF EXISTS `phrasegames`;
CREATE TABLE `phrasegames`  (
  `id` int UNSIGNED NOT NULL AUTO_INCREMENT,
  `time` smallint NOT NULL,
  `score` tinyint NOT NULL,
  `isWord` tinyint(1) NOT NULL,
  `times` tinyint NOT NULL,
  `phrase` varchar(255) CHARACTER SET utf8mb4 COLLATE utf8mb4_0900_ai_ci NOT NULL,
  `created_at` datetime NOT NULL,
  `updated_at` datetime NOT NULL,
  PRIMARY KEY (`id`) USING BTREE
) ENGINE = InnoDB CHARACTER SET = utf8mb4 COLLATE = utf8mb4_0900_ai_ci ROW_FORMAT = Dynamic;

-- ----------------------------
-- Records of phrasegames
-- ----------------------------

-- ----------------------------
-- Table structure for q4gamequestions
-- ----------------------------
DROP TABLE IF EXISTS `q4gamequestions`;
CREATE TABLE `q4gamequestions`  (
  `id` int UNSIGNED NOT NULL AUTO_INCREMENT,
  `question` text CHARACTER SET utf8mb4 COLLATE utf8mb4_0900_ai_ci NOT NULL,
  `answer1` text CHARACTER SET utf8mb4 COLLATE utf8mb4_0900_ai_ci NOT NULL,
  `answer2` text CHARACTER SET utf8mb4 COLLATE utf8mb4_0900_ai_ci NOT NULL,
  `answer3` text CHARACTER SET utf8mb4 COLLATE utf8mb4_0900_ai_ci NOT NULL,
  `answer4` text CHARACTER SET utf8mb4 COLLATE utf8mb4_0900_ai_ci NOT NULL,
  `correctAnswer` varchar(255) CHARACTER SET utf8mb4 COLLATE utf8mb4_0900_ai_ci NOT NULL,
  `q4game_id` int UNSIGNED NOT NULL,
  PRIMARY KEY (`id`) USING BTREE,
  INDEX `q4gamequestions_q4game_id_foreign_idx`(`q4game_id` ASC) USING BTREE,
  CONSTRAINT `q4gamequestions_q4game_id_foreign_idx` FOREIGN KEY (`q4game_id`) REFERENCES `q4games` (`id`) ON DELETE CASCADE ON UPDATE RESTRICT
) ENGINE = InnoDB CHARACTER SET = utf8mb4 COLLATE = utf8mb4_0900_ai_ci ROW_FORMAT = Dynamic;

-- ----------------------------
-- Records of q4gamequestions
-- ----------------------------

-- ----------------------------
-- Table structure for q4games
-- ----------------------------
DROP TABLE IF EXISTS `q4games`;
CREATE TABLE `q4games`  (
  `id` int UNSIGNED NOT NULL AUTO_INCREMENT,
  `time` smallint NOT NULL,
  `created_at` datetime NOT NULL,
  `updated_at` datetime NOT NULL,
  PRIMARY KEY (`id`) USING BTREE
) ENGINE = InnoDB CHARACTER SET = utf8mb4 COLLATE = utf8mb4_0900_ai_ci ROW_FORMAT = Dynamic;

-- ----------------------------
-- Records of q4games
-- ----------------------------

-- ----------------------------
-- Table structure for roles
-- ----------------------------
DROP TABLE IF EXISTS `roles`;
CREATE TABLE `roles`  (
  `id` int UNSIGNED NOT NULL AUTO_INCREMENT,
  `name` varchar(255) CHARACTER SET utf8mb4 COLLATE utf8mb4_0900_ai_ci NOT NULL,
  PRIMARY KEY (`id`) USING BTREE,
  UNIQUE INDEX `name`(`name` ASC) USING BTREE
) ENGINE = InnoDB AUTO_INCREMENT = 7 CHARACTER SET = utf8mb4 COLLATE = utf8mb4_0900_ai_ci ROW_FORMAT = Dynamic;

-- ----------------------------
-- Records of roles
-- ----------------------------
INSERT INTO `roles` VALUES (2, 'ADMIN');
INSERT INTO `roles` VALUES (1, 'MANAGER');
INSERT INTO `roles` VALUES (4, 'TEACHER');
INSERT INTO `roles` VALUES (6, 'TEACHERWRITTER');
INSERT INTO `roles` VALUES (3, 'USER');
INSERT INTO `roles` VALUES (5, 'WRITTER');

-- ----------------------------
-- Table structure for sales
-- ----------------------------
DROP TABLE IF EXISTS `sales`;
CREATE TABLE `sales`  (
  `id` int UNSIGNED NOT NULL AUTO_INCREMENT,
  `price` int UNSIGNED NOT NULL,
  `mainPrice` int UNSIGNED NOT NULL,
  `off` int UNSIGNED NOT NULL DEFAULT 0,
  `offPercent` tinyint NOT NULL DEFAULT 0,
  `created_at` datetime NOT NULL,
  `updated_at` datetime NOT NULL,
  `course_id` int UNSIGNED NOT NULL,
  `user_id` int UNSIGNED NOT NULL,
  `adminSaler` int UNSIGNED NULL DEFAULT NULL,
  `shamsi_month` varchar(255) CHARACTER SET utf8mb4 COLLATE utf8mb4_0900_ai_ci NULL DEFAULT NULL,
  PRIMARY KEY (`id`) USING BTREE,
  INDEX `sales_course_id_foreign_idx`(`course_id` ASC) USING BTREE,
  INDEX `sales_user_id_foreign_idx`(`user_id` ASC) USING BTREE,
  INDEX `sales_adminSaler_foreign_idx`(`adminSaler` ASC) USING BTREE,
  CONSTRAINT `sales_adminSaler_foreign_idx` FOREIGN KEY (`adminSaler`) REFERENCES `users` (`id`) ON DELETE RESTRICT ON UPDATE CASCADE,
  CONSTRAINT `sales_course_id_foreign_idx` FOREIGN KEY (`course_id`) REFERENCES `courses` (`id`) ON DELETE RESTRICT ON UPDATE RESTRICT,
  CONSTRAINT `sales_user_id_foreign_idx` FOREIGN KEY (`user_id`) REFERENCES `users` (`id`) ON DELETE RESTRICT ON UPDATE RESTRICT
) ENGINE = InnoDB AUTO_INCREMENT = 38 CHARACTER SET = utf8mb4 COLLATE = utf8mb4_0900_ai_ci ROW_FORMAT = Dynamic;

-- ----------------------------
-- Records of sales
-- ----------------------------
INSERT INTO `sales` VALUES (24, 100000, 0, 0, 0, '2025-07-19 17:55:25', '2025-07-19 17:55:25', 5, 3, 1, '1404-04');
INSERT INTO `sales` VALUES (25, 200000, 400000, 200000, 50, '2025-07-19 17:57:41', '2025-07-19 17:57:41', 6, 3, NULL, '1404-04');
INSERT INTO `sales` VALUES (26, 1000000, 2000000, 1000000, 50, '2025-07-19 17:59:50', '2025-07-19 17:59:50', 4, 3, NULL, '1404-04');
INSERT INTO `sales` VALUES (27, 2000000, 2000000, 0, 0, '2025-07-19 18:00:52', '2025-07-19 18:00:52', 3, 3, NULL, '1404-04');
INSERT INTO `sales` VALUES (28, 400000, 400000, 0, 0, '2025-07-19 18:02:58', '2025-07-19 18:02:58', 6, 4, NULL, '1404-04');
INSERT INTO `sales` VALUES (29, 150000, 300000, 150000, 50, '2025-07-19 18:03:44', '2025-07-19 18:03:44', 7, 4, NULL, '1404-04');
INSERT INTO `sales` VALUES (30, 300000, 300000, 0, 0, '2025-07-19 18:07:17', '2025-07-19 18:07:17', 7, 2, NULL, '1404-04');
INSERT INTO `sales` VALUES (31, 100000, 400000, 300000, 75, '2025-07-19 18:13:11', '2025-07-19 18:13:11', 6, 2, 1, '1404-04');
INSERT INTO `sales` VALUES (32, 2000000, 2000000, 0, 0, '2025-07-20 07:19:46', '2025-07-20 07:19:46', 3, 1, NULL, '1404-04');
INSERT INTO `sales` VALUES (33, 1000000, 2000000, 1000000, 50, '2025-07-20 07:19:46', '2025-07-20 07:19:46', 4, 1, NULL, '1404-04');
INSERT INTO `sales` VALUES (34, 300000, 300000, 0, 0, '2025-07-20 07:20:08', '2025-07-20 07:20:08', 7, 1, NULL, '1404-04');
INSERT INTO `sales` VALUES (35, 300000, 300000, 0, 0, '2025-07-20 08:02:45', '2025-07-20 08:02:45', 7, 3, NULL, '1404-04');
INSERT INTO `sales` VALUES (36, 300000, 300000, 0, 0, '2025-07-20 08:21:53', '2025-07-20 08:21:53', 7, 3, NULL, '1404-04');
INSERT INTO `sales` VALUES (37, 100000, 450000, 350000, 78, '2025-08-03 06:26:06', '2025-08-03 06:26:06', 3, 2, 1, '1404-05');

-- ----------------------------
-- Table structure for sequelizemeta
-- ----------------------------
DROP TABLE IF EXISTS `sequelizemeta`;
CREATE TABLE `sequelizemeta`  (
  `name` varchar(255) CHARACTER SET utf8mb3 COLLATE utf8mb3_unicode_ci NOT NULL,
  PRIMARY KEY (`name`) USING BTREE,
  UNIQUE INDEX `name`(`name` ASC) USING BTREE
) ENGINE = InnoDB CHARACTER SET = utf8mb3 COLLATE = utf8mb3_unicode_ci ROW_FORMAT = Dynamic;

-- ----------------------------
-- Records of sequelizemeta
-- ----------------------------
INSERT INTO `sequelizemeta` VALUES ('20241008150237-create-user.js');
INSERT INTO `sequelizemeta` VALUES ('20241008150611-create-courses.js');
INSERT INTO `sequelizemeta` VALUES ('20241008150628-create-book.js');
INSERT INTO `sequelizemeta` VALUES ('20241008150640-create-article.js');
INSERT INTO `sequelizemeta` VALUES ('20241008150702-create-freebook.js');
INSERT INTO `sequelizemeta` VALUES ('20241008150719-create-session.js');
INSERT INTO `sequelizemeta` VALUES ('20241008150906-create-mediagame.js');
INSERT INTO `sequelizemeta` VALUES ('20241008150956-create-q-4-game.js');
INSERT INTO `sequelizemeta` VALUES ('20241008151144-create-phrasegame.js');
INSERT INTO `sequelizemeta` VALUES ('20241008151202-create-tag.js');
INSERT INTO `sequelizemeta` VALUES ('20241008151215-create-level.js');
INSERT INTO `sequelizemeta` VALUES ('20241008151226-create-role.js');
INSERT INTO `sequelizemeta` VALUES ('20241010135054-create-medai-game-question.js');
INSERT INTO `sequelizemeta` VALUES ('20241010141349-create-user-sessiongame.js');
INSERT INTO `sequelizemeta` VALUES ('20241014131557-create-q-4-game-questions.js');
INSERT INTO `sequelizemeta` VALUES ('20241015092904-create-ban.js');
INSERT INTO `sequelizemeta` VALUES ('20250207074453-create-file.js');
INSERT INTO `sequelizemeta` VALUES ('20250209112419-create-sale.js');
INSERT INTO `sequelizemeta` VALUES ('20250216072428-create-off.js');
INSERT INTO `sequelizemeta` VALUES ('20250223073831-create-comment.js');
INSERT INTO `sequelizemeta` VALUES ('20250223080454-create-relations.js');
INSERT INTO `sequelizemeta` VALUES ('20250315084015-adminSaler-to-sales.js');
INSERT INTO `sequelizemeta` VALUES ('20250315091116-add-soft-delete-to-users.js');
INSERT INTO `sequelizemeta` VALUES ('20250317142233-create-tickets.js');
INSERT INTO `sequelizemeta` VALUES ('20250317142717-create-ticket-messages.js');
INSERT INTO `sequelizemeta` VALUES ('20250318110050-debug-ticket-and-ticket-message.js');
INSERT INTO `sequelizemeta` VALUES ('20250326140459-add-ondeleted-to-courses.js');
INSERT INTO `sequelizemeta` VALUES ('20250408081233-add-shamsi-month-to-user-and-sale.js');
INSERT INTO `sequelizemeta` VALUES ('20250429134508-add-forChildren-to-courses-and-books.js');
INSERT INTO `sequelizemeta` VALUES ('20250514125005-add-title-to-ticket.js');
INSERT INTO `sequelizemeta` VALUES ('20250522124337-create-user-bag-courses.js');
INSERT INTO `sequelizemeta` VALUES ('20250529131336-create-contact.js');
INSERT INTO `sequelizemeta` VALUES ('20250603143639-add-seen-to-contact.js');
INSERT INTO `sequelizemeta` VALUES ('20250609175317-add-userId-to-ban.js');
INSERT INTO `sequelizemeta` VALUES ('20250623171113-update-table-userbag.js');
INSERT INTO `sequelizemeta` VALUES ('20250627071432-add-extrafile-table.js');

-- ----------------------------
-- Table structure for sessions
-- ----------------------------
DROP TABLE IF EXISTS `sessions`;
CREATE TABLE `sessions`  (
  `id` int UNSIGNED NOT NULL AUTO_INCREMENT,
  `name` varchar(255) CHARACTER SET utf8mb4 COLLATE utf8mb4_0900_ai_ci NOT NULL,
  `time` varchar(255) CHARACTER SET utf8mb4 COLLATE utf8mb4_0900_ai_ci NOT NULL,
  `isFree` tinyint(1) NOT NULL,
  `video` varchar(255) CHARACTER SET utf8mb4 COLLATE utf8mb4_0900_ai_ci NOT NULL,
  `file` varchar(255) CHARACTER SET utf8mb4 COLLATE utf8mb4_0900_ai_ci NULL DEFAULT NULL,
  `created_at` datetime NOT NULL,
  `updated_at` datetime NOT NULL,
  `course_id` int UNSIGNED NOT NULL,
  `q4game_id` int UNSIGNED NULL DEFAULT NULL,
  `mediagame_id` int UNSIGNED NULL DEFAULT NULL,
  `phrasegame_id` int UNSIGNED NULL DEFAULT NULL,
  PRIMARY KEY (`id`) USING BTREE,
  INDEX `sessions_course_id_foreign_idx`(`course_id` ASC) USING BTREE,
  INDEX `sessions_q4game_id_foreign_idx`(`q4game_id` ASC) USING BTREE,
  INDEX `sessions_mediagame_id_foreign_idx`(`mediagame_id` ASC) USING BTREE,
  INDEX `sessions_phrasegame_id_foreign_idx`(`phrasegame_id` ASC) USING BTREE,
  CONSTRAINT `sessions_course_id_foreign_idx` FOREIGN KEY (`course_id`) REFERENCES `courses` (`id`) ON DELETE CASCADE ON UPDATE RESTRICT,
  CONSTRAINT `sessions_mediagame_id_foreign_idx` FOREIGN KEY (`mediagame_id`) REFERENCES `mediagames` (`id`) ON DELETE RESTRICT ON UPDATE RESTRICT,
  CONSTRAINT `sessions_phrasegame_id_foreign_idx` FOREIGN KEY (`phrasegame_id`) REFERENCES `phrasegames` (`id`) ON DELETE RESTRICT ON UPDATE RESTRICT,
  CONSTRAINT `sessions_q4game_id_foreign_idx` FOREIGN KEY (`q4game_id`) REFERENCES `q4games` (`id`) ON DELETE RESTRICT ON UPDATE RESTRICT
) ENGINE = InnoDB AUTO_INCREMENT = 39 CHARACTER SET = utf8mb4 COLLATE = utf8mb4_0900_ai_ci ROW_FORMAT = Dynamic;

-- ----------------------------
-- Records of sessions
-- ----------------------------
INSERT INTO `sessions` VALUES (12, 'جلسه اول', '0:48', 1, 'http://localhost:4000/public/videos/1___1753635383293___a.mp4', 'http://localhost:4000/public/files/1___1753635415961___grammar-in-use-advance.zip', '2025-07-27 16:56:23', '2025-07-27 16:56:56', 7, NULL, NULL, NULL);
INSERT INTO `sessions` VALUES (13, 'جلسه دوم رایگان', '1:3', 1, 'http://localhost:4000/public/videos/1___1753635428996___c.mp4', NULL, '2025-07-27 16:57:09', '2025-07-27 16:57:20', 7, NULL, NULL, NULL);
INSERT INTO `sessions` VALUES (14, 'جلسه سوم | ورود به بحث اصلی', '1:29', 0, 'http://localhost:4000/public/videos/1___1753635472889___e.mp4', NULL, '2025-07-27 16:57:53', '2025-07-27 16:58:22', 7, NULL, NULL, NULL);
INSERT INTO `sessions` VALUES (15, 'آموزش کلمات', '1:5', 0, 'http://localhost:4000/public/videos/1___1753635559955___g.mp4', NULL, '2025-07-27 16:59:20', '2025-07-27 16:59:34', 7, NULL, NULL, NULL);
INSERT INTO `sessions` VALUES (16, 'جملات کوتاه', '1:19', 0, 'http://localhost:4000/public/videos/1___1753635591709___i.mp4', NULL, '2025-07-27 16:59:51', '2025-07-27 17:00:02', 7, NULL, NULL, NULL);
INSERT INTO `sessions` VALUES (17, 'مقدمه ای بر حال استمراری', '1:7', 0, 'http://localhost:4000/public/videos/1___1753635610960___k.mp4', NULL, '2025-07-27 17:00:11', '2025-07-27 17:00:41', 7, NULL, NULL, NULL);
INSERT INTO `sessions` VALUES (18, 'معرفی دوره', '1:6', 1, 'http://localhost:4000/public/videos/1___1753705409992___b.mp4', NULL, '2025-07-28 12:23:30', '2025-07-28 12:23:44', 3, NULL, NULL, NULL);
INSERT INTO `sessions` VALUES (19, 'مقدمه ای بر کتاب top notch', '1:21', 1, 'http://localhost:4000/public/videos/1___1753705549650___d.mp4', NULL, '2025-07-28 12:25:49', '2025-07-28 12:26:11', 3, NULL, NULL, NULL);
INSERT INTO `sessions` VALUES (20, 'درس اول', '1:18', 1, 'http://localhost:4000/public/videos/1___1753705580436___dc9ba97cabfcbd70f2ae4f4d8255ff1a47755515-720p_edit.mp4', NULL, '2025-07-28 12:26:20', '2025-07-28 12:26:32', 3, NULL, NULL, NULL);
INSERT INTO `sessions` VALUES (21, 'درس دوم | کلمات', '0:42', 1, 'http://localhost:4000/public/videos/1___1753705601570___g.mp4', NULL, '2025-07-28 12:26:41', '2025-07-28 12:27:04', 3, NULL, NULL, NULL);
INSERT INTO `sessions` VALUES (22, 'درس دوم | گرامر', '1:59', 0, 'http://localhost:4000/public/videos/1___1753705631099___i.mp4', NULL, '2025-07-28 12:27:11', '2025-07-28 12:27:25', 3, NULL, NULL, NULL);
INSERT INTO `sessions` VALUES (23, 'آشنایی با کتاب family and friends', '0:46', 1, 'http://localhost:4000/public/videos/1___1753705692870___t.mp4', NULL, '2025-07-28 12:28:12', '2025-07-28 12:28:31', 4, NULL, NULL, NULL);
INSERT INTO `sessions` VALUES (24, 'درس اول | معرفی کلمات درس', '0:53', 1, 'http://localhost:4000/public/videos/1___1753705721124___r.mp4', NULL, '2025-07-28 12:28:41', '2025-07-28 12:29:01', 4, NULL, NULL, NULL);
INSERT INTO `sessions` VALUES (25, 'درس اول | مکالمه', '0:57', 0, 'http://localhost:4000/public/videos/1___1753705750655___p.mp4', NULL, '2025-07-28 12:29:10', '2025-07-28 12:29:30', 4, NULL, NULL, NULL);
INSERT INTO `sessions` VALUES (26, 'درس اول | lets sign', '0:50', 0, 'http://localhost:4000/public/videos/1___1753705783122___o.mp4', NULL, '2025-07-28 12:29:43', '2025-07-28 12:30:11', 4, NULL, NULL, NULL);
INSERT INTO `sessions` VALUES (27, 'معرفی دوره', '1:2', 1, 'http://localhost:4000/public/videos/1___1753708027592___t.mp4', NULL, '2025-07-28 13:07:07', '2025-07-28 13:07:31', 5, NULL, NULL, NULL);
INSERT INTO `sessions` VALUES (28, 'درس اول | کلمات', '1:9', 1, 'http://localhost:4000/public/videos/1___1753708057558___r.mp4', NULL, '2025-07-28 13:07:37', '2025-07-28 13:07:52', 5, NULL, NULL, NULL);
INSERT INTO `sessions` VALUES (29, 'درس اول | مکالمه', '0:56', 1, 'http://localhost:4000/public/videos/1___1753708083429___p.mp4', NULL, '2025-07-28 13:08:03', '2025-07-28 13:10:32', 5, NULL, NULL, NULL);
INSERT INTO `sessions` VALUES (30, 'درس اول | گرامر', '0:43', 0, 'http://localhost:4000/public/videos/1___1753708246314___d.mp4', NULL, '2025-07-28 13:10:46', '2025-07-28 13:10:58', 5, NULL, NULL, NULL);
INSERT INTO `sessions` VALUES (31, 'درس اول | تمرین', '0:49', 0, 'http://localhost:4000/public/videos/1___1753708269110___b.mp4', NULL, '2025-07-28 13:11:09', '2025-07-28 13:11:37', 5, NULL, NULL, NULL);
INSERT INTO `sessions` VALUES (32, 'معرفی دوره', '1:0', 1, 'http://localhost:4000/public/videos/1___1753708322172___o.mp4', NULL, '2025-07-28 13:12:02', '2025-07-28 13:27:01', 6, NULL, NULL, NULL);
INSERT INTO `sessions` VALUES (33, 'درس اول | notes', '0:59', 1, 'http://localhost:4000/public/videos/1___1753709230288___m.mp4', NULL, '2025-07-28 13:27:10', '2025-07-28 13:27:30', 6, NULL, NULL, NULL);
INSERT INTO `sessions` VALUES (34, 'درس اول | practice', '0:51', 0, 'http://localhost:4000/public/videos/1___1753709273524___k.mp4', NULL, '2025-07-28 13:27:53', '2025-07-28 13:28:16', 6, NULL, NULL, NULL);
INSERT INTO `sessions` VALUES (35, 'درس دوم | noties', '1:1', 0, 'http://localhost:4000/public/videos/1___1753709306459___j.mp4', NULL, '2025-07-28 13:28:26', '2025-07-28 13:28:49', 6, NULL, NULL, NULL);
INSERT INTO `sessions` VALUES (36, 'معارفه و توضیح روند', '1:34', 1, 'http://localhost:4000/public/videos/1___1753709367648___k.mp4', NULL, '2025-07-28 13:29:27', '2025-07-28 13:29:46', 8, NULL, NULL, NULL);
INSERT INTO `sessions` VALUES (37, 'درس اول | words', '1:36', 1, 'http://localhost:4000/public/videos/1___1753709393300___j.mp4', NULL, '2025-07-28 13:29:53', '2025-07-28 13:30:21', 8, NULL, NULL, NULL);
INSERT INTO `sessions` VALUES (38, 'درس اول | conversation', '1:5', 0, 'http://localhost:4000/public/videos/1___1753709429779___c.mp4', NULL, '2025-07-28 13:30:29', '2025-07-28 13:30:56', 8, NULL, NULL, NULL);

-- ----------------------------
-- Table structure for tags
-- ----------------------------
DROP TABLE IF EXISTS `tags`;
CREATE TABLE `tags`  (
  `id` int UNSIGNED NOT NULL AUTO_INCREMENT,
  `name` varchar(255) CHARACTER SET utf8mb4 COLLATE utf8mb4_0900_ai_ci NOT NULL,
  PRIMARY KEY (`id`) USING BTREE
) ENGINE = InnoDB AUTO_INCREMENT = 44 CHARACTER SET = utf8mb4 COLLATE = utf8mb4_0900_ai_ci ROW_FORMAT = Dynamic;

-- ----------------------------
-- Records of tags
-- ----------------------------
INSERT INTO `tags` VALUES (7, 'انگلیسی');
INSERT INTO `tags` VALUES (16, 'بورسیه');
INSERT INTO `tags` VALUES (17, 'رشته-زبان');
INSERT INTO `tags` VALUES (18, 'اهمیت-زبان');
INSERT INTO `tags` VALUES (19, 'آموزش-زبان');
INSERT INTO `tags` VALUES (20, 'مبتدی');
INSERT INTO `tags` VALUES (21, 'کودکان');
INSERT INTO `tags` VALUES (22, 'آموزش-کودکان');
INSERT INTO `tags` VALUES (23, 'grammar-in-use');
INSERT INTO `tags` VALUES (24, 'گرامر');
INSERT INTO `tags` VALUES (25, 'top-notch');
INSERT INTO `tags` VALUES (26, 'پیشرفته');
INSERT INTO `tags` VALUES (27, 'family-and-friends');
INSERT INTO `tags` VALUES (28, 'american-english-file');
INSERT INTO `tags` VALUES (30, 'آموزش-گرامر');
INSERT INTO `tags` VALUES (31, 'آموزش-انگلیسی');
INSERT INTO `tags` VALUES (32, 'fundamentals');
INSERT INTO `tags` VALUES (38, 'زبان-انگلیسی');
INSERT INTO `tags` VALUES (39, '[[-\"tag 1\"');
INSERT INTO `tags` VALUES (40, '\"tag-2\" ]]');
INSERT INTO `tags` VALUES (41, '[[-\"tag-1\"');
INSERT INTO `tags` VALUES (42, '\"tag-2\"-]]');

-- ----------------------------
-- Table structure for tags_articles
-- ----------------------------
DROP TABLE IF EXISTS `tags_articles`;
CREATE TABLE `tags_articles`  (
  `article_id` int UNSIGNED NOT NULL,
  `tag_id` int UNSIGNED NOT NULL,
  UNIQUE INDEX `unique_article_tag`(`article_id` ASC, `tag_id` ASC) USING BTREE,
  INDEX `tag_id`(`tag_id` ASC) USING BTREE,
  CONSTRAINT `tags_articles_ibfk_1` FOREIGN KEY (`article_id`) REFERENCES `articles` (`id`) ON DELETE CASCADE ON UPDATE RESTRICT,
  CONSTRAINT `tags_articles_ibfk_2` FOREIGN KEY (`tag_id`) REFERENCES `tags` (`id`) ON DELETE CASCADE ON UPDATE RESTRICT
) ENGINE = InnoDB CHARACTER SET = utf8mb4 COLLATE = utf8mb4_0900_ai_ci ROW_FORMAT = Dynamic;

-- ----------------------------
-- Records of tags_articles
-- ----------------------------
INSERT INTO `tags_articles` VALUES (1, 7);
INSERT INTO `tags_articles` VALUES (3, 7);
INSERT INTO `tags_articles` VALUES (4, 7);
INSERT INTO `tags_articles` VALUES (5, 7);
INSERT INTO `tags_articles` VALUES (5, 16);
INSERT INTO `tags_articles` VALUES (5, 17);
INSERT INTO `tags_articles` VALUES (4, 18);
INSERT INTO `tags_articles` VALUES (1, 19);
INSERT INTO `tags_articles` VALUES (3, 19);
INSERT INTO `tags_articles` VALUES (3, 20);
INSERT INTO `tags_articles` VALUES (1, 21);
INSERT INTO `tags_articles` VALUES (1, 22);
INSERT INTO `tags_articles` VALUES (6, 41);
INSERT INTO `tags_articles` VALUES (6, 42);

-- ----------------------------
-- Table structure for tags_books
-- ----------------------------
DROP TABLE IF EXISTS `tags_books`;
CREATE TABLE `tags_books`  (
  `book_id` int UNSIGNED NOT NULL,
  `tag_id` int UNSIGNED NOT NULL,
  UNIQUE INDEX `unique_book_tag`(`book_id` ASC, `tag_id` ASC) USING BTREE,
  INDEX `tag_id`(`tag_id` ASC) USING BTREE,
  CONSTRAINT `tags_books_ibfk_1` FOREIGN KEY (`book_id`) REFERENCES `books` (`id`) ON DELETE CASCADE ON UPDATE RESTRICT,
  CONSTRAINT `tags_books_ibfk_2` FOREIGN KEY (`tag_id`) REFERENCES `tags` (`id`) ON DELETE CASCADE ON UPDATE RESTRICT
) ENGINE = InnoDB CHARACTER SET = utf8mb4 COLLATE = utf8mb4_0900_ai_ci ROW_FORMAT = Dynamic;

-- ----------------------------
-- Records of tags_books
-- ----------------------------
INSERT INTO `tags_books` VALUES (3, 7);
INSERT INTO `tags_books` VALUES (4, 7);
INSERT INTO `tags_books` VALUES (5, 7);
INSERT INTO `tags_books` VALUES (4, 19);
INSERT INTO `tags_books` VALUES (5, 19);
INSERT INTO `tags_books` VALUES (6, 19);
INSERT INTO `tags_books` VALUES (3, 21);
INSERT INTO `tags_books` VALUES (6, 23);
INSERT INTO `tags_books` VALUES (6, 24);
INSERT INTO `tags_books` VALUES (5, 25);
INSERT INTO `tags_books` VALUES (5, 26);
INSERT INTO `tags_books` VALUES (3, 27);
INSERT INTO `tags_books` VALUES (4, 28);

-- ----------------------------
-- Table structure for tags_courses
-- ----------------------------
DROP TABLE IF EXISTS `tags_courses`;
CREATE TABLE `tags_courses`  (
  `course_id` int UNSIGNED NOT NULL,
  `tag_id` int UNSIGNED NOT NULL,
  UNIQUE INDEX `unique_course_tag`(`course_id` ASC, `tag_id` ASC) USING BTREE,
  INDEX `tag_id`(`tag_id` ASC) USING BTREE,
  CONSTRAINT `tags_courses_ibfk_1` FOREIGN KEY (`course_id`) REFERENCES `courses` (`id`) ON DELETE CASCADE ON UPDATE RESTRICT,
  CONSTRAINT `tags_courses_ibfk_2` FOREIGN KEY (`tag_id`) REFERENCES `tags` (`id`) ON DELETE CASCADE ON UPDATE RESTRICT
) ENGINE = InnoDB CHARACTER SET = utf8mb4 COLLATE = utf8mb4_0900_ai_ci ROW_FORMAT = Dynamic;

-- ----------------------------
-- Records of tags_courses
-- ----------------------------
INSERT INTO `tags_courses` VALUES (3, 7);
INSERT INTO `tags_courses` VALUES (4, 7);
INSERT INTO `tags_courses` VALUES (5, 7);
INSERT INTO `tags_courses` VALUES (6, 7);
INSERT INTO `tags_courses` VALUES (7, 7);
INSERT INTO `tags_courses` VALUES (8, 7);
INSERT INTO `tags_courses` VALUES (3, 19);
INSERT INTO `tags_courses` VALUES (4, 19);
INSERT INTO `tags_courses` VALUES (5, 19);
INSERT INTO `tags_courses` VALUES (6, 19);
INSERT INTO `tags_courses` VALUES (7, 19);
INSERT INTO `tags_courses` VALUES (8, 19);
INSERT INTO `tags_courses` VALUES (4, 21);
INSERT INTO `tags_courses` VALUES (6, 23);
INSERT INTO `tags_courses` VALUES (6, 24);
INSERT INTO `tags_courses` VALUES (3, 25);
INSERT INTO `tags_courses` VALUES (8, 25);
INSERT INTO `tags_courses` VALUES (3, 26);
INSERT INTO `tags_courses` VALUES (8, 26);
INSERT INTO `tags_courses` VALUES (4, 27);
INSERT INTO `tags_courses` VALUES (5, 28);
INSERT INTO `tags_courses` VALUES (7, 28);
INSERT INTO `tags_courses` VALUES (6, 30);
INSERT INTO `tags_courses` VALUES (5, 31);
INSERT INTO `tags_courses` VALUES (3, 32);
INSERT INTO `tags_courses` VALUES (7, 38);

-- ----------------------------
-- Table structure for tags_freebooks
-- ----------------------------
DROP TABLE IF EXISTS `tags_freebooks`;
CREATE TABLE `tags_freebooks`  (
  `freebook_id` int UNSIGNED NOT NULL,
  `tag_id` int UNSIGNED NOT NULL,
  UNIQUE INDEX `unique_freebook_tag`(`freebook_id` ASC, `tag_id` ASC) USING BTREE,
  INDEX `tag_id`(`tag_id` ASC) USING BTREE,
  CONSTRAINT `tags_freebooks_ibfk_1` FOREIGN KEY (`freebook_id`) REFERENCES `freebooks` (`id`) ON DELETE CASCADE ON UPDATE RESTRICT,
  CONSTRAINT `tags_freebooks_ibfk_2` FOREIGN KEY (`tag_id`) REFERENCES `tags` (`id`) ON DELETE CASCADE ON UPDATE RESTRICT
) ENGINE = InnoDB CHARACTER SET = utf8mb4 COLLATE = utf8mb4_0900_ai_ci ROW_FORMAT = Dynamic;

-- ----------------------------
-- Records of tags_freebooks
-- ----------------------------

-- ----------------------------
-- Table structure for ticket_messages
-- ----------------------------
DROP TABLE IF EXISTS `ticket_messages`;
CREATE TABLE `ticket_messages`  (
  `id` int UNSIGNED NOT NULL AUTO_INCREMENT,
  `ticket_id` int UNSIGNED NOT NULL,
  `sender_id` int UNSIGNED NOT NULL,
  `message` text CHARACTER SET utf8mb4 COLLATE utf8mb4_0900_ai_ci NOT NULL,
  `created_at` datetime NULL DEFAULT CURRENT_TIMESTAMP,
  `updated_at` datetime NOT NULL DEFAULT CURRENT_TIMESTAMP,
  PRIMARY KEY (`id`) USING BTREE,
  INDEX `ticket_id`(`ticket_id` ASC) USING BTREE,
  INDEX `sender_id`(`sender_id` ASC) USING BTREE,
  CONSTRAINT `ticket_messages_ibfk_1` FOREIGN KEY (`ticket_id`) REFERENCES `tickets` (`id`) ON DELETE CASCADE ON UPDATE RESTRICT,
  CONSTRAINT `ticket_messages_ibfk_2` FOREIGN KEY (`sender_id`) REFERENCES `users` (`id`) ON DELETE CASCADE ON UPDATE RESTRICT
) ENGINE = InnoDB AUTO_INCREMENT = 20 CHARACTER SET = utf8mb4 COLLATE = utf8mb4_0900_ai_ci ROW_FORMAT = Dynamic;

-- ----------------------------
-- Records of ticket_messages
-- ----------------------------
INSERT INTO `ticket_messages` VALUES (3, 2, 3, 'این دومین تیکت من است.', '2025-07-17 13:29:22', '2025-07-17 13:29:22');
INSERT INTO `ticket_messages` VALUES (4, 2, 1, 'دیده شد', '2025-07-17 13:29:55', '2025-07-17 13:29:55');
INSERT INTO `ticket_messages` VALUES (5, 2, 3, 'ممنون', '2025-07-17 13:30:20', '2025-07-17 13:30:20');
INSERT INTO `ticket_messages` VALUES (7, 2, 1, 'خواهش می کنم', '2025-07-17 13:32:06', '2025-07-17 13:32:06');
INSERT INTO `ticket_messages` VALUES (19, 3, 1, 'سلام. لطفا این تیکت را فقط ببینید.', '2025-08-04 06:18:57', '2025-08-04 06:18:57');

-- ----------------------------
-- Table structure for tickets
-- ----------------------------
DROP TABLE IF EXISTS `tickets`;
CREATE TABLE `tickets`  (
  `id` int UNSIGNED NOT NULL AUTO_INCREMENT,
  `user_id` int UNSIGNED NOT NULL,
  `subject` varchar(255) CHARACTER SET utf8mb4 COLLATE utf8mb4_0900_ai_ci NOT NULL,
  `created_at` datetime NULL DEFAULT CURRENT_TIMESTAMP,
  `updated_at` datetime NULL DEFAULT CURRENT_TIMESTAMP,
  `status` enum('open','pending','answered','closed') CHARACTER SET utf8mb4 COLLATE utf8mb4_0900_ai_ci NOT NULL DEFAULT 'open',
  `title` varchar(255) CHARACTER SET utf8mb4 COLLATE utf8mb4_0900_ai_ci NOT NULL,
  PRIMARY KEY (`id`) USING BTREE,
  INDEX `user_id`(`user_id` ASC) USING BTREE,
  CONSTRAINT `tickets_ibfk_1` FOREIGN KEY (`user_id`) REFERENCES `users` (`id`) ON DELETE CASCADE ON UPDATE RESTRICT
) ENGINE = InnoDB AUTO_INCREMENT = 4 CHARACTER SET = utf8mb4 COLLATE = utf8mb4_0900_ai_ci ROW_FORMAT = Dynamic;

-- ----------------------------
-- Records of tickets
-- ----------------------------
INSERT INTO `tickets` VALUES (2, 3, 'scholastic', '2025-07-17 13:29:22', '2025-07-20 07:41:42', 'answered', 'تیکت من');
INSERT INTO `tickets` VALUES (3, 1, 'other', '2025-08-04 06:18:57', '2025-08-04 06:18:57', 'open', 'دیدن تیکت');

-- ----------------------------
-- Table structure for user_bag
-- ----------------------------
DROP TABLE IF EXISTS `user_bag`;
CREATE TABLE `user_bag`  (
  `id` int UNSIGNED NOT NULL AUTO_INCREMENT,
  `user_id` int UNSIGNED NOT NULL,
  `course_id` int UNSIGNED NOT NULL,
  `created_at` datetime NULL DEFAULT CURRENT_TIMESTAMP,
  `updated_at` datetime NULL DEFAULT CURRENT_TIMESTAMP,
  PRIMARY KEY (`id`) USING BTREE,
  INDEX `user_id`(`user_id` ASC) USING BTREE,
  INDEX `course_id`(`course_id` ASC) USING BTREE,
  CONSTRAINT `user_bag_ibfk_1` FOREIGN KEY (`user_id`) REFERENCES `users` (`id`) ON DELETE CASCADE ON UPDATE RESTRICT,
  CONSTRAINT `user_bag_ibfk_2` FOREIGN KEY (`course_id`) REFERENCES `courses` (`id`) ON DELETE CASCADE ON UPDATE RESTRICT
) ENGINE = InnoDB AUTO_INCREMENT = 38 CHARACTER SET = utf8mb4 COLLATE = utf8mb4_0900_ai_ci ROW_FORMAT = Dynamic;

-- ----------------------------
-- Records of user_bag
-- ----------------------------
INSERT INTO `user_bag` VALUES (37, 1, 6, '2025-08-04 07:35:56', '2025-08-04 07:35:56');

-- ----------------------------
-- Table structure for users
-- ----------------------------
DROP TABLE IF EXISTS `users`;
CREATE TABLE `users`  (
  `id` int UNSIGNED NOT NULL AUTO_INCREMENT,
  `name` varchar(255) CHARACTER SET utf8mb4 COLLATE utf8mb4_0900_ai_ci NOT NULL,
  `username` varchar(255) CHARACTER SET utf8mb4 COLLATE utf8mb4_0900_ai_ci NOT NULL,
  `phone` varchar(255) CHARACTER SET utf8mb4 COLLATE utf8mb4_0900_ai_ci NOT NULL,
  `avatar` varchar(255) CHARACTER SET utf8mb4 COLLATE utf8mb4_0900_ai_ci NULL DEFAULT NULL,
  `password` varchar(255) CHARACTER SET utf8mb4 COLLATE utf8mb4_0900_ai_ci NOT NULL,
  `score` int NOT NULL DEFAULT 0,
  `refreshToken` varchar(255) CHARACTER SET utf8mb4 COLLATE utf8mb4_0900_ai_ci NULL DEFAULT NULL,
  `created_at` datetime NOT NULL,
  `updated_at` datetime NOT NULL,
  `role_id` int UNSIGNED NULL DEFAULT NULL,
  `level_id` int UNSIGNED NULL DEFAULT NULL,
  `deleted_at` datetime NULL DEFAULT NULL,
  `shamsi_month` varchar(255) CHARACTER SET utf8mb4 COLLATE utf8mb4_0900_ai_ci NULL DEFAULT NULL,
  PRIMARY KEY (`id`) USING BTREE,
  UNIQUE INDEX `username`(`username` ASC) USING BTREE,
  UNIQUE INDEX `phone`(`phone` ASC) USING BTREE,
  INDEX `users_role_id_foreign_idx`(`role_id` ASC) USING BTREE,
  INDEX `users_level_id_foreign_idx`(`level_id` ASC) USING BTREE,
  CONSTRAINT `users_level_id_foreign_idx` FOREIGN KEY (`level_id`) REFERENCES `levels` (`id`) ON DELETE RESTRICT ON UPDATE RESTRICT,
  CONSTRAINT `users_role_id_foreign_idx` FOREIGN KEY (`role_id`) REFERENCES `roles` (`id`) ON DELETE RESTRICT ON UPDATE RESTRICT
) ENGINE = InnoDB AUTO_INCREMENT = 9 CHARACTER SET = utf8mb4 COLLATE = utf8mb4_0900_ai_ci ROW_FORMAT = Dynamic;

-- ----------------------------
-- Records of users
-- ----------------------------
INSERT INTO `users` VALUES (1, 'سید محسن موسوی 2', 'mohsen moosav', '+989395376021', 'http://localhost:4000/public/avatars/1755155872696.png', '$2a$12$35IBc9JcqextXXEVH2d6/uKStuQ6wPg29bkrBJHQIZDPlqh7Oj37e', 0, 'eyJhbGciOiJIUzI1NiIsInR5cCI6IkpXVCJ9.eyJ1c2VybmFtZSI6Im1vaHNlbiBtb29zYXYiLCJpYXQiOjE3NTUxNTY0NjgsImV4cCI6MTc1NTI0Mjg2OH0.rYk4SAS-oRw6HDg3nHH7LlBfHXJaurPz3PfLae2BjPw', '2025-06-23 17:03:34', '2025-08-14 07:27:48', 1, NULL, NULL, '1404-04');
INSERT INTO `users` VALUES (2, 'سید محسن موسوی', 'mohsen moosavi 2', '+989104474937', NULL, '$2a$12$e0HsKYyaRRePtYVb3rkO6uF0NQfgm.2mRgX8vRC7JNd5pS3MRXWbW', 0, 'eyJhbGciOiJIUzI1NiIsInR5cCI6IkpXVCJ9.eyJ1c2VybmFtZSI6Im1vaHNlbiBtb29zYXZpIDIiLCJpYXQiOjE3NTI5NDg3NjMsImV4cCI6MTc1MzAzNTE2M30.ZektfOKTfghP9U1lnYtNRxbY5lbfbsopRK12XEAWKCE', '2025-06-24 13:10:40', '2025-07-19 18:12:43', 3, NULL, NULL, '1404-04');
INSERT INTO `users` VALUES (3, 'کاربر تستی', 'eeeee', '+989100759447', 'http://localhost:4000/public/avatars/1752740787218.png', '$2a$12$CWzZYstIgfLJox9j3Jw9NuC/WsVKk5XCXs.I9049EKk52C737Gxf.', 0, 'eyJhbGciOiJIUzI1NiIsInR5cCI6IkpXVCJ9.eyJ1c2VybmFtZSI6ImVlZWVlIiwiaWF0IjoxNzUzMTY5OTI4LCJleHAiOjE3NTMyNTYzMjh9.wvsP-2S4ccR5rW1Ol2dDagLY8ocX3SNBH1wzyXiK128', '2025-07-17 08:17:19', '2025-07-22 07:38:48', 3, NULL, NULL, '1404-04');
INSERT INTO `users` VALUES (4, 'کاربر 1234567', 'user-12', '+989121234567', NULL, '$2a$12$EWb2CtCxYZGQwknOIKtuAuGJh.hm0GGKzmWSL5svQuNHcXy.OuQ12', 0, '', '2025-07-19 07:16:00', '2025-07-19 18:04:07', 3, NULL, NULL, '1404-04');
INSERT INTO `users` VALUES (5, 'امیر', 'amir 1', '+989111111111', NULL, '$2a$12$aQEULS7isaxGjq6sHCNo4OrbHpe0uPGbAFOE4iT5g78ZqBDVKKeiu', 0, 'eyJhbGciOiJIUzI1NiIsInR5cCI6IkpXVCJ9.eyJ1c2VybmFtZSI6ImFtaXIgMSIsImlhdCI6MTc1Mzc5NzE1NCwiZXhwIjoxNzUzODgzNTU0fQ.RAmbfblNeFyN4JjCs-KAzOF2VJrqdQlpoLqysONif_o', '2025-07-29 13:07:35', '2025-08-04 07:11:49', 3, NULL, NULL, '1404-05');
INSERT INTO `users` VALUES (6, 'عرشیا محمدی', 'arshia', '+989222222222', 'http://localhost:4000/public/avatars/1753796445755.jpg', '$2a$12$9X2bgF0uIrltHN4Ez20C7eg9zXZdTiWoljaEJX37S/BDk2ZUG4VGq', 0, '', '2025-07-29 13:16:55', '2025-08-14 07:24:52', 3, NULL, NULL, '1404-05');
INSERT INTO `users` VALUES (7, 'شایان کیانی', 'shayan', '+989333333333', 'http://localhost:4000/public/avatars/1753796427297.jpg', '$2a$12$1Q1.2gQRvzBMEcpImnNEEeahwNx.OFAeasVcgtDcKnsRjmWcqDWsa', 0, 'eyJhbGciOiJIUzI1NiIsInR5cCI6IkpXVCJ9.eyJ1c2VybmFtZSI6InNoYXlhbiIsImlhdCI6MTc1Mzc5NjQyNywiZXhwIjoxNzUzODgyODI3fQ.uHAdpo_l7qAuZ5THY8OMwugVfK9XH4cyUiKu2QVhoGQ', '2025-07-29 13:22:11', '2025-07-29 13:40:27', 3, NULL, NULL, '1404-05');
INSERT INTO `users` VALUES (8, 'ریحانه rh', 'reyhan', '+989999999999', 'http://localhost:4000/public/avatars/1753796410890.jpg', '$2a$12$hw5BXuTVmGwpX/d33TGRpO7r2gNLEBCzfw43iQbc8hCQsPOp1cYq.', 0, 'eyJhbGciOiJIUzI1NiIsInR5cCI6IkpXVCJ9.eyJ1c2VybmFtZSI6InJleWhhbiIsImlhdCI6MTc1Mzc5NjQxMCwiZXhwIjoxNzUzODgyODEwfQ.TKAVbDEwZhxcJJu0wVFsgFrwe__Ee6aBBkPHgBXqbBY', '2025-07-29 13:31:50', '2025-07-29 13:40:10', 3, NULL, NULL, '1404-05');

-- ----------------------------
-- Table structure for users_courses
-- ----------------------------
DROP TABLE IF EXISTS `users_courses`;
CREATE TABLE `users_courses`  (
  `course_id` int UNSIGNED NOT NULL,
  `user_id` int UNSIGNED NOT NULL,
  UNIQUE INDEX `unique_user_course`(`course_id` ASC, `user_id` ASC) USING BTREE,
  INDEX `user_id`(`user_id` ASC) USING BTREE,
  CONSTRAINT `users_courses_ibfk_1` FOREIGN KEY (`course_id`) REFERENCES `courses` (`id`) ON DELETE CASCADE ON UPDATE RESTRICT,
  CONSTRAINT `users_courses_ibfk_2` FOREIGN KEY (`user_id`) REFERENCES `users` (`id`) ON DELETE CASCADE ON UPDATE RESTRICT
) ENGINE = InnoDB CHARACTER SET = utf8mb4 COLLATE = utf8mb4_0900_ai_ci ROW_FORMAT = Dynamic;

-- ----------------------------
-- Records of users_courses
-- ----------------------------
INSERT INTO `users_courses` VALUES (3, 1);
INSERT INTO `users_courses` VALUES (4, 1);
INSERT INTO `users_courses` VALUES (7, 1);
INSERT INTO `users_courses` VALUES (3, 2);
INSERT INTO `users_courses` VALUES (6, 2);
INSERT INTO `users_courses` VALUES (7, 2);
INSERT INTO `users_courses` VALUES (3, 3);
INSERT INTO `users_courses` VALUES (4, 3);
INSERT INTO `users_courses` VALUES (5, 3);
INSERT INTO `users_courses` VALUES (6, 3);
INSERT INTO `users_courses` VALUES (7, 3);
INSERT INTO `users_courses` VALUES (6, 4);
INSERT INTO `users_courses` VALUES (7, 4);

-- ----------------------------
-- Table structure for usersessiongames
-- ----------------------------
DROP TABLE IF EXISTS `usersessiongames`;
CREATE TABLE `usersessiongames`  (
  `id` int UNSIGNED NOT NULL AUTO_INCREMENT,
  `q4game` tinyint(1) NOT NULL,
  `mediagame` tinyint(1) NOT NULL,
  `phrasegame` tinyint(1) NOT NULL,
  `session_id` int UNSIGNED NOT NULL,
  `user_id` int UNSIGNED NOT NULL,
  PRIMARY KEY (`id`) USING BTREE,
  INDEX `userSessiongames_session_id_foreign_idx`(`session_id` ASC) USING BTREE,
  INDEX `userSessiongames_user_id_foreign_idx`(`user_id` ASC) USING BTREE,
  CONSTRAINT `userSessiongames_session_id_foreign_idx` FOREIGN KEY (`session_id`) REFERENCES `sessions` (`id`) ON DELETE CASCADE ON UPDATE RESTRICT,
  CONSTRAINT `userSessiongames_user_id_foreign_idx` FOREIGN KEY (`user_id`) REFERENCES `users` (`id`) ON DELETE CASCADE ON UPDATE RESTRICT
) ENGINE = InnoDB CHARACTER SET = utf8mb4 COLLATE = utf8mb4_0900_ai_ci ROW_FORMAT = Dynamic;

-- ----------------------------
-- Records of usersessiongames
-- ----------------------------

SET FOREIGN_KEY_CHECKS = 1;
